,epithelial,mesenchymal,tgfb_pathway,wnt_pathway,proliferation,cytotoxic_t,immune_suppression,hypoxia,emt_index,immune_balance,invasion_potential
beb63625-d9bf-4ccd-bc53-635b53d24240,0.4729234748669153,0.3692025512816071,0.3831234627775661,0.4353240724702948,0.42618585746616783,0.2142048847436714,0.22054883892795696,0.46325573876495313,-0.10372092358530821,-0.006343954184285572,0.24755275931907036
b54865b6-824e-4163-b759-21a6eacc98ce,0.45637132068499636,0.39819508758963934,0.4006983175713906,0.3955078463297191,0.41583760565331856,0.27612031394853964,0.25291567071973764,0.46421874278324327,-0.05817623309535702,0.023204643228802002,0.26891360908642564
c59d90a6-9cda-426d-b8ea-41f0a87033d5,0.4352417464404901,0.38147876562313554,0.4071892934261729,0.3649625870371012,0.42408202854371624,0.2454529258644637,0.22454850405884458,0.39079257309131216,-0.05376298081735453,0.020904421805619133,0.2480729619000435
e8ec26bd-c88d-42b9-ac8a-ab121b8140f8,0.4525467961523805,0.3093188370651793,0.3257569196660547,0.43013793143266243,0.4227264329592167,0.14438960499097678,0.13668577730049306,0.44017366403399383,-0.1432279590872012,0.007703827690483722,0.20756754153761578
e394e9ec-7288-4ede-9ef8-41b631d100dd,0.4568967309091329,0.3797543024970072,0.40463447304303646,0.3554173739333264,0.4230843840931135,0.33496751972075867,0.28483216129144007,0.417084661216572,-0.07714242841212571,0.0501353584293186,0.24819223528249426
e4c0d890-a634-48bd-9108-e674532b0d2e,0.4711671035462303,0.3383258080533968,0.37625720257271855,0.4552054826156742,0.43763567502655765,0.29091047055990127,0.22717260770660846,0.48297538219943653,-0.13284129549283352,0.0637378628532928,0.24213042975977386
41f8c9fd-ae52-4458-886b-faf37de77dd0,0.47114978233005,0.30836422354892973,0.3394778928649785,0.40069687417004424,0.4175881021661817,0.18439033080727268,0.14576910197341833,0.4039282250242483,-0.16278555878112028,0.038621228833854354,0.19354018636936884
e7dbfca1-9657-4952-8e0d-dec6373dda5b,0.4845910460859825,0.2839494054836388,0.34859874597291024,0.3698225193704461,0.34425199759826336,0.18634343647622786,0.1966576598422651,0.41437347004757286,-0.20064164060234374,-0.01031422336603724,0.18744352513937979
269e8ca8-722d-449b-ace1-6545bd72bdd6,0.48035081236503885,0.34527177615852744,0.36277727739864435,0.3715228461565109,0.3688028266592767,0.24109637850659998,0.2406294384591402,0.3947046325804813,-0.1350790362065114,0.0004669400474597851,0.2074676245908714
17633a60-e12b-4a7c-bd8a-c16341ddc606,0.4490883266550422,0.3145923068928485,0.32485046362051245,0.39853032874909067,0.4318969100734377,0.2637368981910678,0.13162954238403712,0.40619139993533787,-0.13449601976219372,0.1321073558070307,0.19884861459788553
80809d79-92e1-4d6c-ba2e-0a9589997792,0.4673010080947817,0.34509086150020596,0.3630356462396508,0.41443083798108565,0.43555955844995614,0.20543240505827975,0.15841618457061696,0.4415685187751143,-0.12221014659457574,0.047016220487662796,0.22746467280672977
1136dd50-242a-4659-aad4-c53f9e759bb3,0.46948117183801197,0.30728835871912424,0.34176712740037646,0.4270634865648203,0.43288531707542377,0.16358744601741299,0.12902275955243012,0.45349406493926375,-0.16219281311888772,0.03456468646498287,0.21102279307358418
7f6898e2-a840-4ad1-80f7-783f8b766fcc,0.43432372198293284,0.43327424737577513,0.4222959319176453,0.3805282271567303,0.4079257309131218,0.2581580102076165,0.3207223357697948,0.4133781349591243,-0.0010494746071577077,-0.06256432556217834,0.27820819742320396
5d66191d-da49-4d7e-89a4-a382db338340,0.475976627905634,0.33543213583226517,0.38129611667301766,0.40272485306174294,0.43604221514017827,0.23523376233475307,0.22421363494647867,0.4833125490739458,-0.14054449207336883,0.011020127388274403,0.24135472455786489
849442d3-eb82-416e-9d36-2fc15dfac67a,0.4666023857088419,0.24878171299236695,0.3008986616782716,0.413508504520733,0.4036718858251351,0.2263936497672439,0.12282768097366081,0.45356565516604314,-0.21782067271647493,0.1035659687935831,0.17888121470927995
3aae5316-6a5d-4b83-9020-ad691d4edf99,0.47317174563216663,0.28729247741453706,0.34022846156510894,0.40436311358991234,0.44803935153110713,0.2346102201532792,0.11854943938291705,0.4551614244145767,-0.18587926821762957,0.11606078077036215,0.20317020592068535
b95720b1-aa00-4c6a-b202-3350d035829f,0.463877181029804,0.36963270475112686,0.3809598041593053,0.34503354464729047,0.3458038889658676,0.3253850950324473,0.25116049468250945,0.36709620802734283,-0.09424447627867716,0.07422460034993783,0.21793717863599035
0b8de222-119a-40f3-8beb-12b9d933225b,0.45889559925634243,0.3260053273593004,0.3571711065692082,0.42286174524543596,0.42349775991871047,0.2714223030151069,0.20288882345469453,0.43300309454528657,-0.13289027189704206,0.06853347956041236,0.21909464307248425
57a2044d-20cc-4d02-b268-ce570a0fabe3,0.4485513689534521,0.33701706371660295,0.35913268899897227,0.3501908176579947,0.3682301048450418,0.22043205864595672,0.23013158046673826,0.3860029559835573,-0.11153430523684915,-0.009699521820781543,0.2112004465818935
69fb431f-0caf-4cdd-9085-eda5b18ed15d,0.4635561611565953,0.33052626919331307,0.358439856352698,0.42536315977875544,0.41567825966468064,0.1792634284262653,0.1882556206048429,0.43300540390744074,-0.13302989196328224,-0.008992192178577607,0.2194717894322855
80311cf5-7e18-4545-92ad-c4b7dd5c9677,0.47631958798600443,0.35797237009750144,0.378198577383633,0.403049618364684,0.43943235878250425,0.23284186772327925,0.22783801572730106,0.4692115837605653,-0.118347217888503,0.005003851995978192,0.24302098108523176
b3fea9bb-53f9-4ddb-922d-b570562d7a7d,0.47445582512500145,0.31905069844605854,0.3560856687567118,0.42536027297606266,0.41289316890674793,0.20140412461605967,0.172209327836861,0.41493002632672854,-0.1554051266789429,0.029194796779198673,0.20520352280149914
4aadf2a2-ce1e-4f94-b146-59292e83e7fd,0.4640792618852412,0.35539722315245714,0.3588411219269985,0.41082666481911295,0.4267862916262528,0.1596597901071239,0.1675601321000912,0.445649161701538,-0.10868203873278404,-0.007900341992967325,0.2319360816319175
6fa41234-9077-4d05-a295-6820f3bedf5b,0.45485167265210913,0.2896559157168647,0.34287132943037607,0.41371779771596173,0.4341069696549813,0.18940506157891437,0.1617547718848512,0.45414761442889473,-0.1651957569352444,0.027650289694063163,0.21060772897467547
2d3ce817-b269-4662-a92d-392bd3662399,0.441219875518193,0.3715448187196631,0.3729936721284974,0.3816439763975012,0.35536233892198976,0.26693873780546146,0.24193860348032933,0.4073506997367327,-0.06967505679852992,0.025000134325132123,0.23688977168890005
ff1407c6-9174-4bae-a19b-d34ca71b898c,0.481759604614372,0.33992998217798154,0.35905330192492,0.4164140714310458,0.4294766985358644,0.16477514541069654,0.18929198277156153,0.4535079211121888,-0.14182962243639047,-0.02451683736086499,0.22357720020023944
7a6c54f1-f4e4-426b-b306-2ca3c4de12ca,0.474877308052056,0.2951151117629171,0.3792002979180379,0.41342334384129514,0.40629532123227563,0.18949908778088265,0.1936351774228935,0.4779109509953351,-0.17976219628913892,-0.004136089642010843,0.22578301754141136
2d02bd7a-5beb-4e43-9ccb-18d89c9d5ca2,0.4632282127969145,0.3412098571544049,0.345670084641055,0.40088740314776966,0.41859498406540113,0.16348022315551933,0.14779708086511703,0.4660477576093483,-0.12201835564250962,0.015683142290402297,0.22989982886929786
0f74d992-00da-4728-9564-086ca1b95921,0.47842007413480525,0.3530193501699443,0.3699798501172042,0.3716974977194259,0.38763567502655766,0.339642436499322,0.26520911998706714,0.3890720982864533,-0.12540072396486096,0.07443331651225488,0.21121707481293217
6cd8d2dd-5545-43b0-b796-ae0506d62eb8,0.463857550318133,0.28358468923095875,0.34944457916190347,0.4136124294176742,0.4056417717426447,0.17009174977813116,0.15536050392027806,0.330472033624313,-0.18027286108717427,0.014731245857853098,0.16654791723301407
0c463362-7925-4d9a-9d63-098b50af2fb9,0.469500802549683,0.26454342144262116,0.3626401542707359,0.441051489012829,0.39189182947669854,0.16056706047699326,0.19401912218103717,0.4274583160131172,-0.20495738110706185,-0.03345206170404391,0.19504702972559707
93cd5d07-e0d3-40f8-ae7f-beadb1efb7c1,0.473615168766383,0.3237169493939359,0.3525522222607129,0.41083243842449857,0.4191353748094776,0.18553679063828946,0.189072585766908,0.4357789478546026,-0.14989821937244707,-0.0035357951286185407,0.21281098358095615
d761bc06-dee8-478a-be99-8af9c504e49c,0.4735378006674442,0.38115446647497414,0.38613872819020567,0.39661493516241153,0.40968084615029327,0.1576489490509952,0.23804430664772924,0.4531338044432128,-0.09238333419247008,-0.08039535759673405,0.2489630661469828
0ec6ed47-db99-4273-9823-ffbde6a77091,0.44476148685319694,0.40222140104930504,0.411803847530629,0.4114112423644069,0.4177058796360445,0.2308442233270759,0.26673768201290976,0.4022123689436978,-0.0425400858038919,-0.03589345868583385,0.2571587102234783
f38d49b7-6cad-4460-abd0-3685a3b2d941,0.46153535260222406,0.3592060540973321,0.368096211360146,0.4195188277271625,0.4097108678582975,0.27906646827687914,0.23097885705707785,0.4176504549443444,-0.10232929850489197,0.04808761121980129,0.2278057892665328
e6c8c5fc-158a-4de4-b3f6-3b645584bbc7,0.4689268929202416,0.3308746261417832,0.34548099906467594,0.3907691597094722,0.41833402614197956,0.2878950337669536,0.2192339003013822,0.40674795621449356,-0.1380522667784584,0.06866113346557137,0.20472556283357038
49929108-023e-4d35-b26d-50ab4d3ae581,0.4811510525525699,0.32254485336289557,0.35636424521656795,0.371255816907426,0.3560020322386957,0.20109565269030408,0.23871260147111464,0.39037457854140684,-0.15860619918967434,-0.037616948780810566,0.1960442081894335
85e95dda-6198-464a-9187-fd0832bebb72,0.47187496391413297,0.33001720613878077,0.3649236152007483,0.3942679645731574,0.4388827305898111,0.25281831168531244,0.22839661204835973,0.4674610872477022,-0.1418577577753522,0.024421699636952704,0.2301756482243661
fafd4576-0709-49e1-926f-ad1ee09907ec,0.46884952482130277,0.29716868559726856,0.31574548792739116,0.39526391150217666,0.4160292827121149,0.0721098489972188,0.1144241983348922,0.40887949748279523,-0.1716808392240342,-0.042314349337673404,0.18431471539538405
7a481097-14a3-4916-9632-d899c25fd284,0.46019007147888547,0.31873794704204533,0.37764142446392074,0.3782029075876722,0.38750173202161564,0.36090720438656976,0.21431190171014192,0.4254191492309824,-0.14145212443684013,0.14659530267642784,0.22053614975268765
4881a390-c4e4-48b4-ae66-140c64a87614,0.45645330777491655,0.3671990176718978,0.3968213415549474,0.41321693744875926,0.39914091727864764,0.25578096183855864,0.20561396519670674,0.4368158514618262,-0.08925429010301877,0.050166996641851896,0.24812763430458495
07dc5a1d-64b7-42ba-928e-9753bd533c1e,0.4783646462430282,0.36583830848643717,0.3948251174928696,0.3720323668317918,0.3484319430973165,0.1453925511453051,0.1928196556621748,0.380899265622835,-0.11252633775659104,-0.047427104516869684,0.2210660151197045
628408ce-0691-4e0b-b4c7-aca9a0d73bb0,0.4683287335881477,0.33843936087085386,0.36262427685592546,0.4289731065461138,0.42784628885501824,0.22656520634627375,0.19797259846883986,0.41666897602882086,-0.12988937271729384,0.028592607877433895,0.21646796005581748
d651f9ba-8746-46c4-852c-6c2992c7d10e,0.4674384230764789,0.3265846391907341,0.33944036442997194,0.4025992771446057,0.4245970163040968,0.23827229328257019,0.1713043151926652,0.39915939217588103,-0.14085378388574482,0.06696797808990498,0.1992486575733694
a56f6562-d2af-47b9-bf81-94b3b4893173,0.46390489497569254,0.3370257245247141,0.3430531980000231,0.39933863350307736,0.42608424553138424,0.16503577944422268,0.1667013082989804,0.4762297353470971,-0.12687917045097846,-0.0016655288547577085,0.2308012542987139
8632579e-d318-4dab-9994-d3945afc42ab,0.45917504821071836,0.3462591082831969,0.40288795741388667,0.4141796861468112,0.371530183363355,0.28853672135582487,0.2680107620004388,0.4304073714839961,-0.11291593992752147,0.020525959355386092,0.24012646299012044
a5e14add-1552-4606-9ffe-3a03bcf76640,0.4741255672698299,0.2607798191623266,0.3226204085403171,0.4226856502811746,0.4198328021800379,0.08918962610563266,0.12332854124086327,0.4267770541776361,-0.21334574810750329,-0.03413891513523061,0.17868390487014998
56eb96a4-d2c2-42fb-b26c-1a80012bcb8e,0.4573274518181503,0.3374789734825302,0.35688098289858083,0.4099346427870348,0.3971502471017505,0.13571610025502545,0.12351474001454948,0.4615606669437901,-0.11984847833562012,0.012201360240475967,0.23286439050225027
84959e50-17f5-4f2b-8e0c-5ebb139d2c3a,0.46960242035127425,0.25669865391795715,0.36080414775810904,0.43154091754136786,0.42330146413560577,0.258793099466525,0.18149761550097573,0.45513833079303495,-0.2129037664333171,0.07729548396554928,0.20101290403927563
ab9cc98a-86ae-4913-bcb2-cc3aeff8abb1,0.47223178096744767,0.3361480959694524,0.36991489705661595,0.42992863823743377,0.4115699043924068,0.1318197864120591,0.16126112862438077,0.417685095376657,-0.13608368499799528,-0.02944134221232167,0.2171721024784259
622cc1c4-d721-4b5c-a88b-216d6368660b,0.46227785540248734,0.38717276580020094,0.395432789459706,0.41116153393147886,0.417525749388019,0.2573200223023553,0.2385191856906964,0.44561683063137963,-0.0751050896022864,0.018800836611658878,0.25531484349626643
5f1399ef-8100-49e7-806f-9f532e55c0ba,0.4662767468446518,0.35168943496887883,0.3677194836087343,0.4299488458562834,0.4424414576693917,0.23679096820594708,0.20648577960993522,0.45032100133943004,-0.11458731187577298,0.03030518859601186,0.23448439102413046
7570761b-c333-40df-ac8c-9b7f94c58ef9,0.4707386921327036,0.28115388908776673,0.3333261163266013,0.3859323217976698,0.430605976629255,0.31529459893700906,0.19568480733478827,0.47602189275322154,-0.18958480304493686,0.1196097916022208,0.206587735344962
8a84b03a-e37e-4827-98f0-4d480ec31037,0.451312370812596,0.3990688668968517,0.3917882010600339,0.4318541356335377,0.3826335966006189,0.19513571115150755,0.23565114721539013,0.42293196619093804,-0.05224350391574428,-0.04051543606388258,0.2541588877784092
e3b6018c-ab2c-47c5-b183-a295d0110835,0.4583701890322059,0.29691752216204564,0.3432928026235263,0.42632157827276823,0.4204655674102813,0.17302470744654527,0.15394885740349418,0.42247933120872017,-0.16145266687016024,0.019075850043051096,0.20143982232069538
d71ae66e-2c8a-4fd8-8b4b-a5a2d456a21d,0.4588055289322048,0.2874724297608462,0.3309921363494648,0.39661349176106514,0.44507182116299476,0.2682023179933159,0.14308293206775904,0.447810724677844,-0.17133309917135858,0.12511938592555685,0.20248992061865004
ba49b428-246d-46d2-b549-39a5fc8f7003,0.4792907539348029,0.37502935051637665,0.379828177503724,0.3849161672498008,0.4349637430141795,0.24521703556829766,0.2495236775556864,0.4845526765507367,-0.10426140341842627,-0.004306641987388754,0.2533731502120115
8d0fa506-3f51-4108-8427-7dabf270bcd4,0.4597812907770298,0.29439722700170523,0.3370991674461034,0.4314341058417339,0.4455937370098379,0.15327755545071542,0.17082221914296603,0.3775830215694425,-0.16538406377532455,-0.017544663692250606,0.1830993750800738
b823d6e5-54b0-43d3-95e2-9be33dc6f734,0.46652963660088453,0.3356852238915128,0.3315709402893731,0.4115627995057794,0.44850584268625004,0.24109142975912795,0.1805132157827277,0.4291903376287469,-0.13084441270937175,0.06057821397640026,0.20997228840291612
4f601d7b-8db1-4c6d-9374-21dcd804980d,0.4658598829085786,0.3451062584924035,0.3813711735430307,0.40336861006223945,0.4259918710452173,0.3158554569838374,0.23855671412570292,0.47155558634705097,-0.1207536244161751,0.07729874285813446,0.2440577118246355
10994156-7c2f-420e-aeb8-11d566b3d5e4,0.47398006905391515,0.3183491729890566,0.35333887599450353,0.4114689784182631,0.4239619417116992,0.2606125889537358,0.21449232687844252,0.4559304420119163,-0.15563089606485858,0.04612026207529327,0.2178794739805204
28d03569-8717-40da-8989-70baf2b18f9f,0.47840968140509704,0.3337644491148654,0.356143404810568,0.3778983499035808,0.37443074222899636,0.12131524511146229,0.22683485179154975,0.4004110664634428,-0.14464523229023163,-0.10551960668008746,0.20396974632792642
0e87e5fd-d5bb-4c0d-952d-711a6abbf336,0.46197184724996826,0.343262468676744,0.38442252398933036,0.41167394140945257,0.4301648884578079,0.2278997185812271,0.18075570720892367,0.46796683755946605,-0.11870937857322428,0.047144011372303424,0.2445599943251907
dca004bf-9c14-45a1-b186-ab3759f6c7fe,0.4543031674730655,0.3384576447990885,0.33738496091269154,0.3856725095553169,0.43073068218558036,0.33847123293094517,0.20319771134282513,0.4415292596184934,-0.11584552267397696,0.13527352158812003,0.221022899285736
e3b0ee77-c419-4b2b-833f-90a221415489,0.475212184898209,0.3169528582591391,0.35294771422962784,0.42798582002517294,0.4389774144381322,0.2531251340285774,0.20974786665281,0.43158514618262434,-0.15825932663906989,0.04337726737576739,0.20875784459106075
98d45099-feae-4dad-aa38-ec03fed6d999,0.4753842423122669,0.3316521742477607,0.3593116707659265,0.3850648375884805,0.3437277723892661,0.178039438218187,0.22508111915566795,0.3916216341046603,-0.14373206806450617,-0.047041680937480956,0.20240041226869354
081a3dc7-45e1-457d-add0-c4686140a8d0,0.47100428411413525,0.34027256525437755,0.36054433551575615,0.42261492361520075,0.42234769756593227,0.3335950670885199,0.21615945543354004,0.41393469123828,-0.1307317188597577,0.11743561165497984,0.21458243596475945
c8d6fe73-3504-42a5-9723-e1916fba8208,0.47669719049873555,0.2735689458064367,0.3358203138531888,0.44032834493828016,0.4223823379982449,0.1862246665368995,0.16115431692474683,0.4202138469354764,-0.20312824469229884,0.02507034961215268,0.1843019720321221
c293a148-a88c-4fb3-b2f4-e64e918044f9,0.47019018695366,0.3372691894638382,0.3563628018152215,0.4093240840175056,0.429938570966699,0.24451926217474357,0.23592395006986064,0.4685164657521593,-0.13292099748982178,0.00859531210488293,0.2306527566925197
d259eeb2-d15e-436d-9d37-2d0b7658bc91,0.44439427707017404,0.4026525168308371,0.417252687613307,0.39553382755395433,0.34545055655627915,0.27754225405549854,0.30000375284350067,0.4199990762551383,-0.041741760239336956,-0.022461498788002132,0.2651700012097028
3334201d-a3c0-45ec-a9ed-cf48cc8c38e8,0.45785401679003224,0.27580728354715905,0.33065149363171326,0.38212029884181475,0.4339915015472726,0.236771173216059,0.08022713363587025,0.4727402891321417,-0.18204673324287318,0.15654403958018875,0.20711501650699393
c0b8c55c-b993-481d-aeea-9ebfa64ee20e,0.4644395431817919,0.28273977928411687,0.3313659772981836,0.3912945577995635,0.4226040367650455,0.23303981762215983,0.14964030438447593,0.45576647729897,-0.18169976389767506,0.08339951323768391,0.2018108968998262
10881458-55b2-41d1-8358-4ee6ccb8ec85,0.4753138026998002,0.27337648340396703,0.2952823870394106,0.41184714957102114,0.42801487229227286,0.1432151022576186,0.13135673952956664,0.38882499653595676,-0.2019373192958332,0.011858362728051963,0.16072335475984473
6a4031c6-ee88-48be-81a5-a522720edd02,0.4649672629014192,0.338232463788199,0.36154461264881466,0.4093385180309696,0.428617615814512,0.28497527275846485,0.17110945601090058,0.429405108309085,-0.12673479911322022,0.11386581674756427,0.22140497394822647
aec0c661-afac-4f7a-8c31-154d743f2499,0.4530098499982679,0.29201165552309355,0.3594935393355735,0.410666447269662,0.44112050251720475,0.1743955104962934,0.13897068163185183,0.3889104429356612,-0.16099819447517433,0.035424828864441565,0.19580192926535345
27e2438d-bd01-4c50-9102-563276ed9922,0.46261042275314956,0.37290456559311136,0.37497690557845753,0.4134738628884193,0.42289963512077966,0.2493987271821502,0.22923378482927448,0.4069950579649901,-0.0897058571600382,0.02016494235287572,0.2307553687944698
f9b5e6a5-c2da-4a0d-9251-bb6f557b7b58,0.4752814697629303,0.3175167730983752,0.345670084641055,0.4376465052366601,0.4364232598956168,0.19496085540749636,0.19041783582175725,0.45249180176435266,-0.15776469666455506,0.004543019585739105,0.21346572991361754
95d4f0c4-5997-4ffb-b876-0ddfeee972bb,0.4556114966685528,0.35907229272761565,0.3815876837449914,0.4310934631239824,0.4359636968269364,0.3208058540383429,0.2562860128635928,0.4562652995242714,-0.09653920394093712,0.06451984117475007,0.2471045931094419
a117ace8-ac5a-48d8-8aee-3024d6f0f873,0.4589094562292867,0.2850810844101605,0.34775435618526346,0.43571234743247766,0.4188189921943559,0.11502538707453143,0.11670910266625097,0.4228164980832294,-0.1738283718191262,-0.0016837155917195368,0.19891416081645555
19089ae0-b590-4649-9d94-a147fa506e32,0.4733264818300442,0.3674742389074294,0.3788639854043256,0.41154547868962255,0.4001477991778671,0.2563203753130083,0.22782502511518343,0.46647037088356197,-0.1058522429226148,0.028495350197824842,0.24649403778842424
764c97c9-01d3-45cb-86bd-f8a52b5468da,0.4507500086606081,0.3329589939605298,0.39086731100102773,0.4083108162723294,0.4498383446492079,0.3504505009782024,0.24318425884227665,0.4414853817375641,-0.1177910147000783,0.10726624213592575,0.23818722601283784
96ac1f4b-79b0-4517-8caf-fc05abcaaf4f,0.47796625827088074,0.3087809046502766,0.3512315100287526,0.42727422316139535,0.424786384000739,0.1538780034773199,0.1409250470548839,0.4191769433282527,-0.16918535362060416,0.01295295642243599,0.20040769991213372
92554413-9ebc-4354-8e1b-9682f3a031d9,0.47311747248813496,0.25346721018049123,0.3015987113312779,0.3985505363679403,0.3733107015842224,0.08478194169055812,0.11938372536113902,0.386372453928225,-0.21965026230764373,-0.03460178367058089,0.15610696765061974
fb4cc403-694c-421f-b360-3108b6d57ad5,0.46514971304518526,0.35895489066210917,0.35313824320735326,0.4180393413470976,0.4210290517758995,0.2155509440560594,0.21026027413078371,0.39754052930580575,-0.10619482238307609,0.005290669925275687,0.21482798337669431
af06cde0-c69a-4bb1-a234-8023b95e4835,0.4750262705112068,0.3369102470832323,0.35847449798501174,0.41514387824620963,0.4031245669945961,0.11935884027752576,0.136421634854101,0.4057687866611242,-0.13811602342797452,-0.017062794576575238,0.20870908707272048
835c3e23-ac2b-4bc9-ac65-e3e81adecf77,0.47903439993533414,0.3048931641203891,0.35637001882195357,0.41206654657567465,0.41561590688651795,0.15016149412583676,0.18458649438228195,0.427402891321417,-0.17414123581494506,-0.03442500025644518,0.2032105581094752
76e96b5a-b565-42c7-a651-34d5132e6dde,0.4522442522430975,0.3767615121386037,0.3893575131926883,0.43462257941594207,0.410611519098425,0.20229819832600368,0.1843844181937853,0.3989931181007806,-0.0754827401044938,0.017913780132218393,0.23762263039632503
cac80259-3a26-4a99-b0d3-13454068e6ed,0.4606843035138974,0.36332763644622024,0.35914423620974356,0.38468089283033685,0.42305436238510924,0.2133965893232423,0.2187503608503366,0.41086785829753825,-0.09735666706767715,-0.00535377152709432,0.22421847581320153
9fd08502-355b-4f5a-a25c-73ec7184f6d3,0.44584117599510387,0.3786947969714116,0.39058151753443954,0.40747220009006824,0.40704355457022773,0.2149010085547348,0.21256105587695293,0.4273682508891044,-0.06714637902369225,0.0023399526777818647,0.25026779646661723
b612d491-7442-4119-a53c-5ebcc35c31f4,0.47005970045843487,0.3658094391260667,0.37688796896109744,0.3924189674484128,0.4364879220359337,0.3458036271019805,0.2639519174143486,0.4728880883100088,-0.10425026133236814,0.08185170968763189,0.248508598646246
d4e1472a-7b5f-46f4-acb7-b961f634e28e,0.4699892608459682,0.2913736426589066,0.36360001616609505,0.40771036131222504,0.36660200452634983,0.14847727040286104,0.20806919088694126,0.4532908410696965,-0.17861561818706162,-0.05959192048408021,0.21275841301624332
8c0894fb-5e78-40ae-be0b-329ca30f758a,0.47632189748149517,0.325217193821187,0.36133098924954676,0.39187913534485747,0.43419241605468567,0.07384356019491467,0.16285753051350446,0.4900766708235185,-0.15110470366030815,-0.08901397031858979,0.2334343188042524
15d1b0fb-5c5f-4689-94f5-b33120a2bfae,0.47405397290961787,0.37230600752143067,0.3568333506541495,0.43264800637406037,0.4108470740381507,0.1772294932152672,0.2321682197665154,0.4394462149554293,-0.1017479653881872,-0.05493872655124818,0.23151053340713054
124b6856-f581-46da-9068-b0a49b999785,0.4779916627212785,0.3223928080649445,0.36996397270239373,0.3999333148577961,0.43243268209320584,0.2976754083541456,0.17469197815267723,0.4091820239249919,-0.155598854656334,0.12298343020146835,0.2078490473236839
0cbe9848-8eac-4ea8-a36b-fb74b4a33de7,0.469891107287613,0.3361529075295141,0.34712070299419173,0.4111167884897403,0.4420650316382615,0.19362964233752436,0.17714576044156535,0.4553115329545979,-0.13373819975809892,0.016483881895959007,0.2228980120635636
849031de-ac8a-4012-9362-d192512997f1,0.46170741001628196,0.40358884641885207,0.39109248161106686,0.4310010854378125,0.4141563900050806,0.24944161632690767,0.22126909619981294,0.4158329869290102,-0.058118563597429895,0.02817252012709473,0.24960230164754904
73f9681a-f9ef-4880-bd16-93624fd117c6,0.47524913682606035,0.3473176514967801,0.3519719749194582,0.41314909758547824,0.4211075700891414,0.2439023183232324,0.227816364707105,0.4391829476698536,-0.12793148532928023,0.016085953616127385,0.2210744790866772
131e0571-de86-415f-b3fb-dc9f971258d3,0.47158396748230347,0.3548390821852951,0.3499844112654588,0.4259231995011605,0.41314258001939863,0.2058596469233637,0.20516651077932124,0.4406124428432867,-0.11674488529700838,0.0006931361440424555,0.2246173229372457
8368d745-c74d-4236-ba75-16ca7aaeb3ca,0.4615226503770251,0.2715076734759865,0.36081136476484105,0.4122484151453216,0.416964574384555,0.1526111241244841,0.16019012482534845,0.41498314165627453,-0.19001497690103863,-0.007579000700864341,0.19525984317335898
99c532b0-6b42-4925-a344-fc7262c415ee,0.4783646462430282,0.3507800501172096,0.36816693802611977,0.41294990819967436,0.41811925546164147,0.10200853164064175,0.11636701654715303,0.4530575954921251,-0.12758459612581863,-0.014358484906511287,0.2312133124641421
f4a804d3-b5c4-4da5-800f-6e5757ecfa1c,0.4563597732075428,0.28971269212559325,0.336074352490156,0.4142417524047066,0.4348159438363124,0.22635405978746778,0.16344210805879839,0.44452681169460995,-0.16664708108194953,0.0629119517286694,0.20465136103427214
93ca8937-97c0-4f6e-bdec-66d32f2a7b3d,0.46548228039584755,0.3042147341516835,0.3520109467558111,0.41423164859528183,0.4225047341924161,0.15255668790229193,0.15683710349765015,0.4708419934414115,-0.16126754624416406,-0.004280415595358217,0.2205284646510195
e2edbf3f-25d8-49aa-b656-2a59c3b99aeb,0.4763854086074897,0.3675512238684173,0.3923713352039815,0.4026194847634554,0.40378735393284376,0.18748494755977263,0.21525444278934425,0.47942589256847257,-0.10883418473907236,-0.027769495229571617,0.2543210143444606
e6ec5a68-7555-4f26-bd7e-9cdb4c5f7004,0.4715527892931789,0.3502546277584674,0.343266821399291,0.4212061639011097,0.4120918202392499,0.22766547786755173,0.20283397420353114,0.43912521361599927,-0.12129816153471151,0.024831503664020593,0.22036462449352623
39d3b5b3-d51e-4d77-a8aa-2977fa734fab,0.4721544128685089,0.34077008056476166,0.3744919227260655,0.4295591274927541,0.4207380721444737,0.27651786332879147,0.22316428216764242,0.4691238279987068,-0.13138433230374724,0.05335358116114905,0.23741047280700833
043a4745-566b-4106-b159-99cb8b394b81,0.4680134874536657,0.34765061145305265,0.3860203692798005,0.3886603503423748,0.4235023786430188,0.29196620335393114,0.24348015611828963,0.45623527781626716,-0.12036287600061307,0.04848604723564151,0.24063092369848485
a8b4284d-cbbb-43e3-897b-d04af4bfba74,0.47252046790378643,0.35956307185391334,0.366473828246787,0.3737918730730592,0.38254353147660614,0.190949070790183,0.20683219593307237,0.3899473465428849,-0.1129573960498731,-0.015883125142889365,0.2144879262465996
9cdca5d8-ea77-4df9-b2ba-0d5e8ec37bcd,0.4627870991581889,0.37891035486217767,0.39251711873996836,0.43169247468274036,0.42100826751651194,0.240659239146572,0.2230401496518516,0.43875109694702324,-0.08387674429601122,0.017619089494720408,0.24913049046366012
b76d1de7-6447-474d-bf67-77e0bb2da73a,0.4506472361112715,0.3758704112151691,0.3899622983568319,0.42670407962956547,0.3726548427324373,0.2736739831148736,0.22178294707913304,0.47654611796221885,-0.07477682489610238,0.05189103603574058,0.2639105304743161
b89267a4-0e6b-401e-85b0-e66775858aa6,0.4760181988244668,0.37847923908064557,0.4233308506830175,0.3729099548504059,0.38187843517620434,0.17206300085448373,0.23889302663941525,0.3917971456283774,-0.09753895974382121,-0.06683002578493152,0.23919634552252456
1ad0b9b9-7ded-4281-b114-9dcc6138c037,0.4724823612281897,0.29949266910708994,0.35125460445029505,0.43221787277283175,0.4250496512863147,0.20790018046432449,0.17508602672024573,0.4605976629255,-0.17298969212109977,0.032814153744078756,0.21295419175156508
92c043b6-8d53-4c1c-808a-c4be5e2926e6,0.4677548239587062,0.30235266040778935,0.3789318252676066,0.43824696019676446,0.4130109463766108,0.20758840937358755,0.13318119883142227,0.4612535217772851,-0.16540216355091686,0.07440721054216529,0.22492772783132495
c21d2c68-920f-4526-b754-286579c049f3,0.4436887261977621,0.316115646808396,0.3583200540409464,0.3989258207180056,0.4219527966375687,0.23217708597953857,0.22033810233138185,0.4236940557018152,-0.12757307938936613,0.01183898364815672,0.21814701011779847
565e2726-4942-4726-89d3-c5e3797f7204,0.47782884328918346,0.33019138461301584,0.37281036015750396,0.3771492246047967,0.35876172001293244,0.20268255104633018,0.20524878465606633,0.38501685834372545,-0.14763745867616762,-0.0025662336097361516,0.20339658660835394
c4d74653-d26b-4e51-aee0-82ee3d42f883,0.47294079608309564,0.3328396672709986,0.3552441657717578,0.40060882668791353,0.41651886748879957,0.21558393570587284,0.16913921317305805,0.4255646390466953,-0.14010112881209702,0.046444722532814786,0.21356922533545206
7ea546ce-f48a-4d9c-96b4-a0124c692870,0.46124435617039455,0.3384422478068909,0.3535813674206995,0.40968204755141396,0.41043138885039954,0.28742985150458417,0.21345019110633826,0.38889427740058197,-0.12280210836350364,0.07397966039824591,0.20655784548592596
31d960d7-8f5b-4d22-bf5e-fae0849c4efd,0.44704095890252776,0.3335729490244081,0.3499656470479556,0.42328177503723974,0.43986882822964296,0.2999815246761045,0.17494312998695166,0.4445129555216849,-0.11346800987811967,0.12503839468915284,0.22700353089717362
e5921d6b-51cf-44be-b295-610cf7c3a69a,0.48052056028360607,0.31915366583137983,0.3591586702232076,0.38697012736573483,0.40090988868874416,0.24953069378140394,0.22303726284915878,0.3822248394993303,-0.16136689445222624,0.026493430932245154,0.19333887175677056
93edb105-5dc9-4a4a-9fca-c91f0161fcc7,0.4629637755632282,0.3562238491710644,0.3590735095437697,0.3897876467939169,0.41875433005403906,0.17980284190071494,0.20234610454844631,0.4010253567964528,-0.10673992639216379,-0.022543262647731377,0.21778631331601958
6fbc2b46-6762-4778-aa7e-782162c5397c,0.46274437349161074,0.2485161148769588,0.2963851456680639,0.3785392201013845,0.4305690268347882,0.13285572421620087,0.0481764067389522,0.4234585007620895,-0.21422825861465195,0.08467931747724866,0.16853846260516714
5e7074a6-5011-4dc5-950c-41365dbc6d09,0.45828011870806823,0.36436019723547003,0.39314066812161524,0.3884452835417605,0.4185464874601635,0.3268779671865051,0.2702480340873662,0.4377904022908873,-0.0939199214725982,0.056629933099138885,0.2456703829799681
f87c6dcc-1a9e-4df5-962c-1f946e2611f8,0.4555422118038315,0.2710736707584173,0.3118338702786342,0.36054433551575615,0.420728834695857,0.20887343413382073,0.12559323795337235,0.4501778208858713,-0.18446854104541416,0.08328019618044838,0.19251438337303042
a435fdf4-a89a-499e-9006-cbb5693eab26,0.47029180475525123,0.2221333687464154,0.3198158797242526,0.39492182538307874,0.4108355272273798,0.27939638477501344,0.18836964931120886,0.43026650039259157,-0.24815843600883583,0.09102673546380458,0.1673079813693361
94067eb7-98b7-4975-bab1-c09e1b454a25,0.46081363526137714,0.36282242263973735,0.36230528515837,0.42902795579727715,0.42161562976305944,0.2707641196013289,0.23324788397362617,0.4271049836035287,-0.09799121262163979,0.03751623562770273,0.23047301871341963
40c217ee-429f-41f4-adc6-db9186622b17,0.4783877411979353,0.3333997328621854,0.35836335608133857,0.4093110934053879,0.42158098933074684,0.1535513861441669,0.17989399660512004,0.38444644589164473,-0.14498800833574993,-0.026342610460953125,0.19927393121241113
c777a777-373a-4773-9566-6c373261f00a,0.4583517130682802,0.3393824266429553,0.336134975346705,0.40200459578988695,0.4453604914322664,0.2259697070671413,0.13758212953661042,0.4271326959493788,-0.1189692864253249,0.08838757753053089,0.21476612829025296
55697871-b9aa-4acd-8dbe-dcd5391db8f0,0.4726775135971547,0.35713323402273367,0.3754460110160391,0.3969180494451565,0.42335227010299753,0.29629800697443476,0.21683063705961825,0.42013301926008034,-0.11554427957442104,0.07946736991481651,0.22667825023389945
26a12266-c6d8-42f9-bd4e-5093d827ac9a,0.4482003256388642,0.3370594054451463,0.3375581690742601,0.3937743213126869,0.41896910073437715,0.1291474627771711,0.17472517638364454,0.3980924668606531,-0.11114092019371791,-0.04557771360647345,0.2081699052470651
b079a153-62f9-4026-a2f8-a1390168bbb9,0.46198685897065783,0.3529914431215862,0.3511016039075761,0.4252909897114352,0.4070389358459194,0.16718518542956778,0.19733605847507535,0.46247748371899683,-0.10899541584907163,-0.030150873045507565,0.23486122392583378
cc1d6ad3-b60d-482e-8fa4-0af26823007d,0.4819720781995173,0.36122209776320197,0.3813827207538019,0.4207240678514105,0.38533785968315554,0.1933673587215076,0.2181484624888858,0.457101288624082,-0.12074998043631535,-0.024781103767378215,0.23924467631385618
3758f4f7-ac2f-4f9d-bee2-526196f8129a,0.48114181457060706,0.3534254458391553,0.3758819182226533,0.4018097366081223,0.4366010807814881,0.2524240614700419,0.2256122908511449,0.4783912983234031,-0.12771636873145176,0.02681177061889703,0.24218561593820156
a19cd9f8-482b-4b70-b7d7-06d6bb1b0260,0.45079273432718625,0.3254375632720148,0.3541774921767647,0.4421672382535998,0.39179483626622325,0.1531505375989337,0.16514820845024883,0.4083090850307145,-0.12535517105517147,-0.011997670851315118,0.21237713538410255
bce3ce45-4fb3-4d8e-9ec7-d24427c2ba4d,0.46222589175394635,0.33571794249993264,0.3624106534566575,0.4186686643341301,0.40551706618631933,0.17998429597468882,0.20178317802334847,0.45339245300448017,-0.1265079492540137,-0.02179888204865965,0.22976505240237466
750770db-53cf-4021-a8c2-5e0ddb97fef5,0.4703980415478239,0.33891378069294165,0.3805008025311486,0.42560420780360503,0.4136460209690084,0.19270092739527625,0.16021754945093014,0.46186088402383263,-0.13148426085488224,0.03248337794434611,0.23695914190003298
38d65618-4857-490e-86b3-0a3f772a9f60,0.46291412141017796,0.34059686440253895,0.39020911998706714,0.41793685985150286,0.447704494018752,0.332409017277727,0.25423638295169804,0.46416793681585145,-0.12231725700763901,0.07817263432602894,0.2440199332650932
755d3bde-76c3-45c1-8427-8e4d5d686dc1,0.47236342221041816,0.33201304125239134,0.3516616436299812,0.43216591032436114,0.4295367419518729,0.2387589201173183,0.1927532592002402,0.4665281049374163,-0.14035038095802682,0.04600566091707811,0.22594645586979023
d655bbf6-c710-411d-aff5-ceb0fb6e6680,0.47184955946373514,0.36080060510179335,0.39084710338217804,0.4226033764044295,0.4091335273197543,0.1740573460857057,0.2138211452523643,0.4004433975336012,-0.11104895436194179,-0.03976379916665859,0.22674718218461246
25c3201a-3dd5-4edf-ad09-104e5c10663e,0.4594129262462615,0.31253584612246,0.34005525340354037,0.4185445318183393,0.4239065170199991,0.1348121290501374,0.16906848650708423,0.47122303819685,-0.14687708012380152,-0.03425635745694683,0.2214670704921963
0687bea4-911a-4ef2-9fa2-531ef6ba7910,0.4689626901003476,0.3436762628420538,0.3556497615500976,0.3971446634565421,0.39236293935614985,0.08933973811228378,0.1708453135645085,0.45391436885132325,-0.12528642725829375,-0.08150557545222471,0.2280925677143757
b4c3cf95-a27c-4bcf-9321-38723473e83b,0.47474566680908553,0.31054674719293585,0.36216816203046154,0.42113688063648225,0.4186850491894139,0.2183403880477851,0.1730537176245078,0.3945753082998476,-0.16419891961614969,0.0452866704232773,0.19751485023805315
7144a65f-a63f-4b79-8fe2-cfe48696de03,0.47063476483562167,0.4013938127186854,0.43543088416992876,0.3952422604819806,0.3777285113851554,0.22145150062519176,0.23675246244269696,0.4306129047157175,-0.06924095211693626,-0.015300961817505204,0.26560094558957
80e677b1-5ebe-4069-a1a5-1538ffee6642,0.47026986454808944,0.3236765322894173,0.3499439960277595,0.41496633988060183,0.4233615075516142,0.24862672257651589,0.20002367178208103,0.435037642603113,-0.14659333225867216,0.04860305079443486,0.21279610212406677
4a785dc7-f5f6-4607-a19d-e6354b2fb5a9,0.4727179297682421,0.3001046995469435,0.3314453643722359,0.3861098601632776,0.4166389543208166,0.19841178197798137,0.12734119698386856,0.4350307145166505,-0.1726132302212986,0.07107058499411281,0.19795428288919592
cee553c8-460d-436b-b55d-8f41624816cc,0.4733507315326967,0.33341801679042,0.3556079029110518,0.38372247433632406,0.4032400351023047,0.03446802614258331,0.08697070472627337,0.4182485797422752,-0.1399327147422767,-0.05250267858369006,0.21130792263701678
b107565b-7558-4745-952b-689178367e1c,0.4726082287324334,0.31147345366082735,0.3712168450710731,0.3973698340665812,0.43394993302849755,0.2281554038672812,0.20106725095553168,0.46686527181192555,-0.16113477507160606,0.027088152911749513,0.22564911393713086
bc42fe2d-1a33-428d-a601-b1871f4c8d9b,0.47654822803958474,0.37966384516784646,0.3871187977044145,0.39794286440110394,0.4085584961433652,0.31561461794019935,0.27256758005103865,0.4198235647314212,-0.09688438287173828,0.0430470378891607,0.23668599318803243
912b61a1-6a5b-451c-b753-9c3dac03e8cb,0.46569590872873823,0.33793222244034626,0.3626372674680431,0.3934004803639681,0.4239342293658492,0.3390683817925683,0.2153352732647429,0.44071867350237864,-0.12776368628839196,0.12373310852782543,0.22519741822734327
39aec099-a33e-47a4-a602-cbf65ddd3830,0.4710447002852227,0.3807608808619236,0.3845437697024284,0.4316722670638907,0.38708142810955615,0.2967499925768788,0.22528463874551102,0.43404230751466444,-0.0902838194232991,0.07146535383136776,0.24276741926459788
21ddbfaa-1b21-4a2b-be2c-237dd69b20ff,0.46784835852608,0.29151991408478356,0.3414842207364811,0.4058974492211406,0.4387187658768648,0.23637857258327918,0.1680956339996074,0.43147429679922406,-0.17632844444129642,0.06828293858367179,0.19887669103146957
eb4e4e09-98b3-4e85-8dd2-75676ff2af14,0.4625549948613725,0.30521650095653813,0.36194876502580803,0.42475981801595825,0.42575631610549164,0.11659908877063216,0.1176588607521853,0.36543808600064664,-0.1573384939048344,-0.0010597719815531453,0.19001611904054008
9c45eaec-d854-4f51-80a3-2d80d6b4aebc,0.4657420986385524,0.3539364335177123,0.3471077123820741,0.43379551044445214,0.4077733130109464,0.08785346428818866,0.16083676862853777,0.4369382476559974,-0.11180566512084011,-0.07298330434034911,0.22408009830574382
326c1637-ea91-4006-b440-d38420af1ae5,0.47865448792711235,0.31140224257191357,0.362608399441115,0.41961986582141086,0.41459747817652765,0.2012804059292593,0.20622163716354314,0.4411597616738257,-0.16725224535519878,-0.004941231234283833,0.212171971919914
dde411b2-5d2b-4638-8149-89bc1eb3c7ad,0.4757664638159794,0.37235412312204813,0.3720756688721839,0.36549808893661734,0.39608563114867673,0.19715974886756163,0.26775816676481795,0.4008983418779733,-0.10341234069393129,-0.07059841789725632,0.2231872233520753
5116e3b4-2bac-40f5-8046-b9c1783faaa5,0.47201930738230236,0.3523543925694116,0.3679937298645512,0.40264835279038347,0.42396656043600756,0.26315624515435143,0.17563018902784033,0.42014225670869704,-0.11966491481289077,0.0875260561265111,0.22282369058678583
fbb69964-f962-4b89-b59b-dd05f8faf61a,0.47235302948070995,0.20618208482972852,0.3374715649934758,0.41401946859736033,0.4119578772343079,0.14414546678235737,0.13055420838096557,0.42145166505011317,-0.26617094465098146,0.013591258401391804,0.16425076179753584
c594196e-49ef-4195-a6b6-4ef4a1d9ec15,0.4680504393815171,0.34671524417705,0.36720851953210704,0.419905659287999,0.41944021061382847,0.21000669730491212,0.16986524405029965,0.4184379474389174,-0.12133519520446706,0.040141453254612464,0.22143709058885244
7ad0617e-bc4a-4869-8419-744f04d9b7a3,0.47892585364727075,0.3516865480328418,0.38577066084687245,0.3845192318795395,0.3842593875571567,0.18489840221439954,0.2080764078936733,0.3796221883515773,-0.12723930561442898,-0.02317800567927375,0.21271784786134026
47a8e514-904c-4867-8f43-7eb573be835b,0.46357925611150247,0.3054455312154771,0.33418060992367293,0.3793547418621032,0.4447369636506397,0.29835173717532093,0.21084629507742406,0.42225070435545703,-0.1581337248960254,0.08750544209789687,0.1994325297943682
639e1050-088a-48fe-a0ef-4a01a3468cac,0.4661046894305939,0.3534158227190318,0.3520860036258242,0.4282153208392513,0.3975774791002725,0.28979700237869793,0.24666718629115136,0.4119740427693871,-0.11268886671156209,0.04312981608754657,0.2171237265612164
d5a296ae-c165-413c-adcc-33c9e99ff873,0.46886107229875634,0.3499072331220096,0.37415994041639244,0.4279482915901664,0.4226040367650455,0.23169540789226248,0.22820319626794147,0.45460255877326683,-0.11895383917674673,0.0034922116243210066,0.23660288667097085
be85f845-b281-467c-8b97-bed7b7fdff64,0.4471391124608829,0.372878583168778,0.37230516968626226,0.40838442974099604,0.4383977645374348,0.2817866298039966,0.25147082597198644,0.44051083090850307,-0.07426052929210492,0.030315803832010157,0.24618515710088681
2c30dc20-18a8-44f9-ab10-558c1e5634dc,0.4601600480375062,0.40714651392850404,0.41889527834551565,0.3762528723686793,0.3569858205163734,0.3100885165964494,0.296542476414822,0.44138838852708884,-0.05301353410900217,0.013546040181627417,0.2690900442545341
5d73b382-3da3-4220-890e-2095228bbe6c,0.47355974087460595,0.374582837742647,0.356984907795522,0.4281344903638526,0.4377280495127246,0.18561597059784168,0.2152789806122331,0.42241235970624913,-0.09897690313195895,-0.029663010014391422,0.2268067881232707
ac13d568-f79e-4ba7-b7bf-18e4354e0920,0.468668229425282,0.3011651673845514,0.34031650904723965,0.39756758005103865,0.43946007112835433,0.21497359018432435,0.1271102527684438,0.44194956353055287,-0.16750306204073062,0.08786333741588057,0.20492100351235396
57cdaa1c-4e94-4a28-ab3b-300c0457555f,0.45011605214840816,0.4037264570366179,0.374643479867438,0.39169726677521044,0.4121010576878666,0.17328534148007138,0.24086759968129698,0.4011985589580158,-0.04638959511179025,-0.0675822582012256,0.2431508145712212
fb9e7684-a7f7-4f17-bc5d-1f359e1b0d42,0.4745401217104124,0.3491864614247607,0.3684440710846295,0.4360096881098371,0.4057941896448201,0.24460669004674918,0.18065178231198253,0.4797953905131403,-0.1253536602856517,0.06395490773476664,0.24096193377070604
eb191e71-4b6e-4c8d-8348-519be5a1e657,0.47218328156214273,0.2821816383169548,0.33575680419394693,0.420208773570744,0.4277308207473096,0.09698720253903736,0.05278085703398344,0.4185718904438594,-0.19000164324518792,0.04420634550505392,0.1881090171308728
a06c09a8-0951-49f4-a765-5147bbcae109,0.47791429462233975,0.30158569773394767,0.34270533827553956,0.4275989884643364,0.4401136206179853,0.2158181764195482,0.19915618757289177,0.48178375132788326,-0.1763285968883921,0.016661988846656428,0.2160534975716769
7b47489f-c3cc-4388-b5d7-c7c02790a5f6,0.47488192704303744,0.33226805393566367,0.36578965600859115,0.4341188323460468,0.4124035841300633,0.21065993197121807,0.15801058879227722,0.4242113528243499,-0.14261387310737378,0.05264934317894085,0.21579571190852243
f3b9defb-88ed-4c95-9feb-7197d869676c,0.4715504797976882,0.2984119927172227,0.37651701481507144,0.43344476391727577,0.3885571105260727,0.19678034489470714,0.2145428459255667,0.42686250057734054,-0.17313848708046553,-0.01776250103085955,0.2100803427706488
613aa3e8-a70b-45a9-9c08-0c2346c8bf00,0.4735458839016617,0.3367418424810713,0.36881646863200196,0.3927538365607787,0.44501639647129465,0.21384857492568632,0.18872472604242446,0.4803773497759919,-0.13680404142059038,0.025123848883261857,0.23746325899580115
23d0681a-912a-408f-b19a-0bbcf5ffc2f3,0.39237635538516613,0.38152303197570353,0.4050689368483043,0.3397261578965601,0.4329638353886657,-0.14097496923528655,0.06212255054791515,0.4928571428571429,-0.0108533234094626,-0.2030975197832017,0.2956909187653282
ca5b878f-8bff-410a-8e6e-b1c133018c8d,0.47677686809316505,0.27061849717657654,0.34603093497765613,0.4161326081684969,0.4342524594706942,0.11974154341536157,0.13135673952956664,0.4327883238649485,-0.2061583709165885,-0.01161519611420507,0.19088696264200536
cc22913d-2dda-48bb-82aa-9960b73f3e44,0.46908393861360986,0.33972404740733897,0.3525392316485953,0.41403823281486357,0.4356219112281188,0.2861101855120469,0.24327086292306094,0.4114174864902314,-0.1293598912062709,0.042839322588985984,0.21153227564418528
58facedb-fcb8-4ecf-8338-2bfa4947acef,0.472850725758958,0.3155334480409252,0.37492782993267976,0.443112666135495,0.4146736871276154,0.26832438709762557,0.20633710927125554,0.46897833818299384,-0.15731727771803278,0.061987277826370035,0.22886296346588028
a512701f-88bb-4b05-8c94-fd285b9dd13e,0.47882308109793414,0.3190372260778857,0.3492165217491715,0.39529710973314397,0.4322941203639555,0.25958984780951944,0.18045692313021788,0.43037734977599185,-0.15978585502004844,0.07913292467930155,0.20660267216837166
aa85d9e8-caa6-422c-95ce-780e4ac2a5e4,0.47322139978521693,0.35412023511207086,0.37129190194108613,0.4119077724275701,0.43182531984665834,0.286255348771226,0.24983400884516346,0.4388203778116484,-0.11910116467314608,0.03642133992606253,0.23033703835986283
d976782c-90c1-421d-b83c-7fc2617e2709,0.45446598690516055,0.2600474997209295,0.34557048994815304,0.41360954261498134,0.44088032885317074,0.14278126206257197,0.13574323622129075,0.4228326636183086,-0.19441848718423105,0.007038025841281215,0.19132822212741019
2a971e32-b0e7-4a3f-8c40-62d69c0307d8,0.46790263167011165,0.29776435673291224,0.32835792889227605,0.41044272006096927,0.40311071082167105,0.0995885941268265,0.16670275170032678,0.4678629162625283,-0.1701382749371994,-0.06711415757350028,0.20869419007253498
e83e5700-f968-4978-bb78-56a83936ce8c,0.47317982886638416,0.35814366163569944,0.3793446380526784,0.4162783917044838,0.4084476467599649,0.14770526579722673,0.20467431092019722,0.47488568657336844,-0.11503616723068472,-0.05696904512297049,0.2463980524651207
568dbda7-88b5-4330-881f-dc5d6c7ce4ae,0.44939318005981593,0.29076642377911477,0.3400278287779587,0.4160835325227191,0.42117685095376656,0.1326115860075815,0.10031495017378553,0.41166458824072794,-0.15862675628070116,0.03229663583379597,0.19768855357932846
aa909ffb-03e1-4e3f-8888-2212b23d90b7,0.46591300130486496,0.3331697402912341,0.36888142169259014,0.417434556182954,0.40707126691607776,0.07204221611510127,0.1023616932829875,0.4248025495358182,-0.13274326101363088,-0.03031947716788623,0.2203135700715925
5f6ed48b-3b5a-4d20-8fbf-c9aa3feea186,0.4690723911361563,0.20656123576259378,0.2986527291832658,0.3903520167203612,0.41255831139439286,0.12686609019257225,0.10476062632071223,0.40706433882961524,-0.2625111553735625,0.02210546387186002,0.14773530421310618
35c295c2-37d1-44b2-87a3-1039645e5bae,0.47054353976373864,0.3183664946052789,0.3490664080091454,0.41171002644311266,0.4374439979677613,0.25792047032895976,0.18373633098924955,0.41254907394577617,-0.15217704515845976,0.07418413933971021,0.2031461455988206
96e013d9-8e89-46a7-8d07-bae95af36708,0.45671774500860285,0.39307558768394596,0.3903217052920867,0.44234910682324685,0.41337120687266177,0.24729221034156254,0.20446934792900776,0.4408503071451665,-0.06364215732465689,0.042822862412554785,0.2558432850375321
d5a1f43e-25a7-47f5-b63e-43714f9f732a,0.474538966962667,0.2854534991589393,0.33530501957252223,0.4148624149836607,0.43210937139162164,0.2622126839696873,0.20600657036292883,0.4273058981109418,-0.1890854678037277,0.05620611360675845,0.1911751499599121
654c6f5c-3e5c-49f0-b53f-87cd9797d7c9,0.4324957563020358,0.34831075749352364,0.3766036188958557,0.43687861572037273,0.403096854648746,0.274345363188577,0.16379429798732117,0.45061429033301004,-0.08418499880851216,0.11055106520125582,0.24767763680678453
3a8ca50f-bc9f-4250-8c8d-22893763ea46,0.4589487176526288,0.3813296072612215,0.3779531991547442,0.41264390711423654,0.41915615906886516,0.27439979941076914,0.22244258149444002,0.45722137545609903,-0.07761911039140729,0.051957217916329124,0.2525184880731453
da21e143-dbf6-4ac7-8872-f1d9ae39512d,0.46778138315684936,0.2789184382830814,0.35173525709864784,0.41566494613226174,0.4090157498498915,0.16293421135110703,0.17282854701446865,0.44555447785321695,-0.18886294487376798,-0.00989433566336162,0.20280893002603229
65056295-8fcd-4f82-a3c9-a5acd79521fe,0.4714246122934445,0.28341628462879775,0.35790868465722103,0.4432021570189721,0.43842085815897647,0.23223812053169343,0.17721504370619276,0.43376287469400954,-0.18800832766464676,0.05502307682550067,0.20122107722886126
f83b909c-da90-41ed-b532-a2ef9371cff9,0.4673241030496888,0.2815157184044097,0.3749711319730719,0.4216377409036847,0.4077201976814004,0.07751718040164035,0.0941097677855914,0.45047341924160544,-0.1858083846452791,-0.016592587383951043,0.21321205552313274
c6f6c032-5d4e-4028-aed0-24a587620354,0.47048580237647086,0.30895700774853635,0.3315189778409025,0.4111947321624462,0.42838206087478636,0.09322120571283408,0.15800048498285238,0.4037850445706896,-0.1615287946279345,-0.0647792792700183,0.1912584092612192
32b77693-18e1-4692-8488-add1940c9e7c,0.4757687733114701,0.3619650026367349,0.37534641632313714,0.4080697682474798,0.429084106969655,0.2702098598844632,0.2614245216567938,0.4895847766846797,-0.11380377067473518,0.008785338227669415,0.25037580744436055
384400c1-98d6-4cc3-8724-de6711f6208b,0.46348918578736475,0.3220944913411165,0.35269367559266057,0.42185569450699184,0.4348136344741582,0.3083300616613935,0.2322605974526853,0.4243014179483627,-0.14139469444624825,0.07606946420870819,0.2118667996982583
2c0a725a-e829-4d84-89d9-d0d47f6cfa37,0.45029965703991964,0.34438548679515457,0.3753420861190979,0.3494330319511322,0.4400720520992102,0.3736353828845919,0.2746994838396785,0.38958708604683384,-0.10591417024476507,0.0989358990449134,0.21967166730705556
75c3004d-1ef4-49f9-86e0-1bb7b9553a3d,0.46434600861441816,0.3915156799119292,0.3999809471022275,0.4254353298460757,0.41035287053715763,0.22521914703388574,0.2545034122007829,0.4618354810401367,-0.07283032870248896,-0.02928426516689714,0.2629953664799584
26a41625-4680-47b2-afa9-6a72b148e1c0,0.4758276654464832,0.3562536808434472,0.37375723144074546,0.4184622579415942,0.4463812295044109,0.1895667206630002,0.1497240216625674,0.4826959493787816,-0.11957398460303598,0.0398426990004328,0.24562639873883038
7a70f061-9a6f-408e-a416-7f5295ceba3b,0.47180106005843025,0.3601664414856558,0.37924937356381566,0.4140901952633341,0.43417394115745234,0.24008023569234627,0.1840264546598769,0.4758833310239712,-0.11163461857277446,0.05605378103246936,0.2478326953383375
c7c5348f-5708-45bf-b40e-1bf7c9348f60,0.46679291908682546,0.39786886381745323,0.4027190794563573,0.4436207434094295,0.4063161054916632,0.16339774403098575,0.21634709760857265,0.4194448293381368,-0.06892405526937223,-0.0529493535775869,0.2510799511750406
c616f95f-4ea1-4019-8c17-041878085c88,0.4655538747560595,0.31701059697988,0.34934498446900153,0.40811451368921836,0.4369659600018475,0.22499150465017304,0.19769546541033015,0.4395778485982172,-0.14854327777617954,0.02729603923984289,0.21345985176367974
c6ed47f4-358b-4f06-b5cd-cdf1d5c47b43,0.47090497580803475,0.39612804138711505,0.4037395642082655,0.3458562834147412,0.4232021615629763,0.22473911852910028,0.20707180055657556,0.43170754237679554,-0.0747769344209197,0.017667317972524715,0.2535567240547138
ad440651-a2de-4bb1-90da-1e5e8975ab59,0.476562085012529,0.3343533840664226,0.37099600466507315,0.4263807577279708,0.4134820562560621,0.18798312147195545,0.18038619646424406,0.4248879959355226,-0.14220870094610638,0.0075969250077113915,0.21789176655149647
e3ca9046-9634-4332-b19f-88b18110f941,0.474626727791314,0.33952292419675817,0.36598307178900935,0.4003778824724888,0.4224215971548658,0.2956150798232967,0.2292381150333137,0.4780795344325897,-0.13510380359455582,0.066376964789983,0.23631960087568107
265d7b06-65fe-42c5-ad21-e6b160e94718,0.4639868820656128,0.32792225288789834,0.3552254015542546,0.4048856248773109,0.42243545332779087,0.241990452216544,0.20891935427997368,0.4194979446676828,-0.13606462917771445,0.033071097936570315,0.212886239014741
6baf61b6-ae5b-42f0-adc9-0d26fda231f7,0.4606485063337914,0.3494895897086504,0.3583460352651817,0.3899117793097077,0.4208235185441781,0.21371330916145123,0.18719039041119617,0.42032007759456835,-0.11115891662514099,0.02652291875025506,0.22250239874486968
c113808a-773f-4179-82d6-9083518404b5,0.4729523435605492,0.3661019819778206,0.3699192272606552,0.41355324996247156,0.44387557156713314,0.310608135081011,0.2351950323899262,0.44520345480578266,-0.10685036158272859,0.07541310269108478,0.23609077349456975
cab7bdbc-0a11-4901-97c3-26b884f79cb5,0.4681636046605619,0.35692826156410346,0.3756567476126142,0.42886196464244064,0.4288162209597709,0.26392165143002305,0.2176562626297618,0.4484942958754792,-0.11123534309645844,0.046265388800261265,0.23763856679721163
ac6a3df9-41b1-4e5a-a15e-f44481384c23,0.4577824224298202,0.3657314918530665,0.3700808882114525,0.40218213415549475,0.4332779086416332,0.2704226560257599,0.2290605766677059,0.43209089649438825,-0.09205093057675368,0.04136207935805397,0.23670695137636236
0cb0dac8-4ce2-444a-b1ae-1550e065b4d9,0.469995034584695,0.2876129273146491,0.3487517465156291,0.4421831156684103,0.42494342062722273,0.24099575397466902,0.19155667948407062,0.47875617754376243,-0.1823821072700459,0.049439074490598395,0.21504193892978188
39b6ae01-c97b-4234-8a28-208fdf170432,0.4749546761509948,0.3383902829582241,0.38327068971489936,0.4114415537926814,0.41259295182670547,0.21163153605822366,0.2126476599577372,0.4251304789617108,-0.1365643931927707,-0.0010161238995135546,0.2239455918279465
960d278c-c87d-42dc-ad28-42e010d8f0f1,0.45672351874732964,0.3230491048573661,0.37048504058844584,0.42865122804586553,0.3962957831047065,0.1886495527981868,0.1851436473019942,0.4038912752297815,-0.13367441388996354,0.0035059054961925906,0.21356730064275462
9743d31a-ea8f-4847-87d2-ebf77cc5983d,0.478123303964249,0.3298420653525334,0.37192988533619703,0.39106650038683155,0.4123943466814466,0.2530888432137826,0.13418580616852,0.4561613782273336,-0.1482812386117156,0.11890303704526262,0.22660334165060503
35c9264f-34ec-4d75-ab80-aaac86108fc8,0.4776579406228709,0.3211562371290768,0.35771238207411,0.421489070565005,0.4265230243406771,0.2062439996436902,0.19530807958337665,0.47005911967114683,-0.1565017034937941,0.010935920060313548,0.22375659941715423
e75985cb-357e-4072-b047-eea37965d70c,0.45008833820251964,0.3271148731095381,0.33938407177746216,0.43403944527199456,0.4079672994318969,0.16141164671221714,0.11743802034618538,0.4373700983788278,-0.12297346509298157,0.04397362636603176,0.2179269016877695
401a37f3-6630-4400-a811-a262351e37de,0.483551773115163,0.33386452956414964,0.3593823974319003,0.3632478262375723,0.3568518775114313,0.18455693863883052,0.22255227999676677,0.38830539005126785,-0.14968724355101337,-0.03799534135793625,0.19933351464405158
143f2dd6-a280-41c5-9242-442ef91b73ec,0.4732502684788508,0.30249027102555515,0.3052129883026755,0.4082689576332837,0.4145836220036026,0.021921301718535038,0.11994232168219766,0.43853632626668515,-0.17075999745329568,-0.09802101996366262,0.19099643903868832
acd51808-870c-4684-a2de-aa0b058729e1,0.4714084458250095,0.31026575208533014,0.3480690176787797,0.42780683825821875,0.4493672347697566,0.16450626346471708,0.16055530536598883,0.4192300586577987,-0.16114269373967938,0.003950958098728252,0.20205212753229965
eecaa5cd-0b69-4af2-a782-035025f207b6,0.46177207589002184,0.37730521842558057,0.3943848800822161,0.37579820094456184,0.42885548011639185,0.4089743885822498,0.2992618445514486,0.4475867165488892,-0.08446685746444127,0.10971254403080122,0.25250157972222137
bce5579c-08c6-48e9-853e-fac85ba8cbea,0.4675700643194494,0.3355995781224138,0.3540201614300066,0.4231605293241418,0.43696365063969334,0.20483030744918462,0.20770401034630084,0.4345919357073576,-0.1319704861970356,-0.0028737028971162204,0.21888053698010954
a6f98ee5-9638-4ebe-804b-fba54aea9f90,0.45167265210914675,0.28072950949032105,0.3714088174501449,0.38094103994180206,0.4447346542884855,0.345308752354779,0.230294684818882,0.39391944944806245,-0.1709431426188257,0.11501406753589699,0.19812837475979386
ebc5a6f8-34fd-48c1-a2b9-7f60f45fbf27,0.4674499705539325,0.30227952469485087,0.3538079814320851,0.42104594635165876,0.4534501870583345,0.251444209470583,0.19228271036131223,0.4420835065354949,-0.16517044585908164,0.059161499109270765,0.21024034736949945
1c111912-c664-42f5-9802-065b1994a2f4,0.4634106629406806,0.38753074586879455,0.3797054883892796,0.43784858142515676,0.39930257262943974,0.11630381350480193,0.1996209628064341,0.4318183917601958,-0.07587991707188607,-0.08331714930163217,0.24521465435919643
31a3877d-3e82-450e-811f-3448b06f3950,0.46874559752422085,0.34771701098190466,0.3650823893488528,0.3633907229708664,0.36392083506535494,0.23792588095952916,0.2337631782542927,0.36589764906932704,-0.12102858654231619,0.004162702705236471,0.20331715062528788
e588714a-7753-4c3c-abb6-eaf1aab53ab3,0.46964861026108845,0.3145624752204657,0.33681626078220805,0.40338737427974275,0.41280772250704356,0.17892196485069628,0.15028983499035808,0.46456283774421503,-0.15508613504062274,0.028632129860338196,0.21543098782860012
04d7a52f-a89b-4114-a608-a6254b4d604f,0.46970519290061086,0.3286593838893572,0.3837672197780626,0.4283654345792774,0.4294397487413976,0.3142636098803393,0.22764315654553643,0.4290402290887257,-0.14104580901125363,0.08662045333480287,0.22392054661851155
4138aca8-e085-45fb-b353-74852efe61bf,0.4556796267855287,0.3671672613754903,0.36015317375088046,0.4222670638907172,0.41530414299570456,0.1382762522805478,0.16182405514947865,0.3937901251674288,-0.08851236541003843,-0.02354780286893085,0.22181031116942362
b6202d8d-dd3c-4fa2-9242-6e55759846af,0.4581392394831349,0.37368981219518765,0.3881854712994076,0.42101130471934506,0.40150108540021245,0.17727403194251534,0.1621459336497269,0.437386263913907,-0.08444942728794724,0.015128098292788439,0.24704076930845578
d9fb85c3-ade1-47bf-8159-170f81eb130f,0.47590965253640344,0.347181965503039,0.37026420018244594,0.37534785972448353,0.35254029836959033,0.1846856060731029,0.2347937668156257,0.37245392822502427,-0.12872768703336446,-0.050108160742522806,0.20466348045803526
4f786107-3cf5-4ab3-bba4-f399dee23f0e,0.4720273906165198,0.3062942904103683,0.33893950416276947,0.413683156083648,0.43164518959863285,0.22500800047507977,0.18109923672936803,0.4178906286083784,-0.1657331002061515,0.04390876374571173,0.19703234418833213
268c01b3-d2ce-44c0-a2fe-ea846a1253cc,0.46810124828231275,0.3765305572556401,0.4015643583792335,0.42819944342444083,0.42658768648099393,0.2780915650248922,0.23472448355099826,0.48000785183132416,-0.09157069102667265,0.043367081473893926,0.26333383972796165
20ccd267-74e5-4574-a8e1-028bcd74aaeb,0.47417406667513484,0.3834755630487584,0.3940399071604254,0.41913776977171163,0.4243914830723754,0.21807150610180565,0.23120691446980982,0.4397395039490093,-0.09069850362637644,-0.01313540836800417,0.24769363582768608
c5c4a0a5-900d-483d-9282-475654d63265,0.4783311585584129,0.34327209179686746,0.3685869678179236,0.3735349476333992,0.3477160408295229,0.21523917296532247,0.23597302571563838,0.38533555032100136,-0.13505906676154544,-0.020733852750315918,0.20628781712579317
57b0f89f-1b75-453e-922c-01cd4d44ca49,0.4552373583990577,0.328838373923654,0.3476230066627406,0.4148017921271117,0.4395339707172879,0.30206329777933205,0.19277491022043625,0.44678767724354534,-0.1263989844754037,0.1092883875588958,0.22267056647696074
6fc5e56a-1f5e-4ff1-948e-5ef636ebb48d,0.4660492615388169,0.35072327370848105,0.36872409094583203,0.41793108624611724,0.4196757655535541,0.21440778339002398,0.21417477858223347,0.45235785875941065,-0.11532598783033582,0.00023300480779051003,0.23525198729163563
ce00896a-f7d2-4123-bb95-24cb6e53fc32,0.4515306181364681,0.38336874641538776,0.38810608422535536,0.4046821052874678,0.43827074961895524,0.3046745868620652,0.25415988268033857,0.3929772296891599,-0.06816187172108035,0.050514704181726655,0.23764048073114497
3e1886a8-2ed2-41ee-8b58-10f5321ade6f,0.4794466448804259,0.3119315141787052,0.33523862311058766,0.39302230921121,0.4156182162486721,0.15469289722771168,0.16249090657151766,0.47734977599187106,-0.1675151307017207,-0.007798009343805978,0.21502442280024603
4c6c8d3d-e4a3-490a-9211-cfbe7e6ee25b,0.4661809027817873,0.349273069505872,0.4060562233692452,0.409521830001963,0.3810586116114729,0.19244524210922215,0.2050308310527592,0.43700060043416006,-0.11690783327591531,-0.012585588943537063,0.24204966350916332
b728e6e8-a0e4-496b-904c-6f07c12e901f,0.46848231503827986,0.37335107836684106,0.39334707451415113,0.4250528284892784,0.4132603574892615,0.24829680607838156,0.2206498770222053,0.41511015657475403,-0.0951312366714388,0.027646929056176273,0.23777533147248878
6454ff0c-26f8-4cc2-b77c-7e5abdc20acd,0.45125347867758286,0.2869171757297212,0.3407654068659715,0.4147007540328634,0.42482333379520576,0.15964494386470784,0.1399969399891456,0.41284236293935617,-0.16433630294786167,0.01964800387556223,0.196423822285822
7dfbc0ed-e684-4966-8b59-fb6b9e80c129,0.4691670804512754,0.3507405953247033,0.35361745245435966,0.4005987228784887,0.42939125213616,0.24889725410498603,0.18681943626517014,0.4293797053253891,-0.11842648512657211,0.06207781783981589,0.22152355755105888
8e87ddca-f43e-4c6f-9d5b-430b666a7f6c,0.46435755609187174,0.38297901005038665,0.39106361358413877,0.4493784713802381,0.387827352085354,0.31590824362353886,0.26742474105379843,0.44799547365017783,-0.08137854604148509,0.04848350256974043,0.2525601803976105
227f945f-76fd-4a63-9609-d4e730a3d22a,0.4569048141433504,0.3807031421411827,0.38517597949215365,0.42174022239927944,0.3943374439979678,0.2188814511047254,0.19689293426172907,0.4516026973349961,-0.07620167200216765,0.021988516842996325,0.253525668274994
af17788e-a562-43aa-bd36-fd3e031f483c,0.47185995219344334,0.3007985265078467,0.31138930266394155,0.40508625766446116,0.43875802503348577,0.1784402867634202,0.18182526760660964,0.4086693455267655,-0.17106142568559662,-0.0033849808431894446,0.18299907416837013
56c8b812-ca8e-4eb2-b0fe-f264316789bf,0.4687837041998176,0.2573241567259836,0.322470294800291,0.4000357963533908,0.4077086508706295,0.24318310035729956,0.17458227965035045,0.39559835573414626,-0.211459547473834,0.06860082070694912,0.16886970102020107
e17959bd-045d-4540-b43a-c3863e8ff3c0,0.44808138662109265,0.30704874302804946,0.35757092874216234,0.4234463227907299,0.4466398780656783,0.3157630803643598,0.23566269442616136,0.44425892568472586,-0.14103264359304318,0.08010038593819843,0.22026573694461501
93690a96-421c-4c59-85ba-fa6dd538c721,0.47487153431332924,0.34723970422377987,0.37460017782704585,0.40142290504728584,0.44242298277215836,0.24480958869310177,0.2340778397478089,0.47330146413560575,-0.12763183008954937,0.010731748945292857,0.2400899372910341
e457344d-76fb-46bf-b362-61a6e811d131,0.46952274275684475,0.37616391637893537,0.38366040807842866,0.4161311647671505,0.4097824580850769,0.19519179695619038,0.23251463608965253,0.48273289917324835,-0.09335882637790938,-0.037322839133462155,0.2576781602912559
27d9c162-11bb-48fb-a41a-aa05fcb4c1c2,0.47426644649476324,0.3260534429599178,0.35668756711816263,0.4316664934585051,0.40164657521592534,0.2955474469411792,0.2195673260124017,0.43188767262482103,-0.14821300353484546,0.07598012092877748,0.21345407873604608
36eaf209-c332-4321-b6aa-51a3368ecd79,0.46635065070035453,0.3464188520772467,0.3905425456980866,0.4215511368229004,0.4262389727957138,0.22935629992049011,0.21570911421346173,0.40605976629255,-0.11993179862310782,0.013647185707028386,0.22555683778917626
4beee9d4-ee52-4fed-bcc4-d300f5ddd4d0,0.47824339772976593,0.32228214218352447,0.3713077793558966,0.414046893222942,0.4396147983926839,0.23288145770305535,0.2078945393240263,0.48383446492078885,-0.15596125554624146,0.024986918379029055,0.23306032957681466
03efbc94-a43d-4db0-9377-e397348430a6,0.46819016385870504,0.3201794904365432,0.32645408251636815,0.3906305931802173,0.43812525980324235,0.2251911041315443,0.20636597729818362,0.4723153664957739,-0.14801067342216184,0.018825126833360684,0.21691959186332674
a85e8208-a6f5-4e91-8f35-ef574f4273fc,0.4673818404369565,0.3545426900854918,0.3544113231948823,0.41028827611690394,0.43249272550921436,0.27086969288073187,0.20792052054826157,0.4277423675580805,-0.11283915035146475,0.0629491723324703,0.22310484680049933
14efca0c-882d-4fba-b15c-64af6e213b80,0.46696035750990195,0.338679938873941,0.36057320354268424,0.4370446068752093,0.4345549859128909,0.18129406447228205,0.17533429175182735,0.4386425569257771,-0.12828041863596096,0.005959772720454698,0.22364511394416678
e7af286b-3dec-4cf2-8fbd-fa64b3efdf7f,0.4602685943255696,0.3721789823358007,0.3792392697543908,0.42871762450780015,0.38209320585654244,0.2049243336511529,0.20478689622521679,0.4283289455452404,-0.08808961198976889,0.00013743742593610997,0.23982620110328745
132229e5-947d-43e9-a54c-a97d4be7d604,0.4721440201388007,0.2661668418074529,0.31839701620073674,0.41823275712751584,0.41541037365479655,0.19479259799344786,0.09627920000923777,0.4224608563114868,-0.20597717833134777,0.09851339798421009,0.17829356472695856
95a54459-3fac-42d5-8ec1-ed66d971d64d,0.46386447880460513,0.33224110919931793,0.38413961732543506,0.43004699714783895,0.3951757424599326,0.13850389466426047,0.1341295135160102,0.4684979908549259,-0.1316233696052872,0.004374381148250256,0.2403380795250246
1fd75c4d-e74c-410c-a150-814722c6c1cc,0.4631670111664107,0.3256560080988179,0.352331381854713,0.3699437650835441,0.4444806244515265,0.23389100218734638,0.11066991143289338,0.464294951734331,-0.13751100306759279,0.12322109075445299,0.22637177684048373
c085da47-d634-491a-80ea-514e5a231f70,0.4589544913913556,0.33841145382249577,0.35778743894412307,0.43415780418239974,0.42319754283866795,0.17484089776877473,0.15343500652417408,0.39892614659830955,-0.12054303756885981,0.021405891244600656,0.2120568493245243
8c043ecd-2265-411f-bc3b-dc341cf56ac2,0.46964630076559777,0.331437578669007,0.36013296613203083,0.3971793050888558,0.4261396702230844,0.22304994605865255,0.22729096661701367,0.386291626252829,-0.13820872209659074,-0.004241020558361119,0.20273862342942303
eed7405f-f8f3-41a4-a0e7-242f23087f59,0.4749084862411806,0.30366525399263256,0.3782404360226787,0.43554202607360193,0.4257193663110249,0.23517602694757958,0.2228236394498909,0.437573322248395,-0.17124323224854804,0.012352387497688688,0.21485684200750854
f4e047a5-bdb2-4bc2-aff0-e0f45bcc9062,0.46724558020300466,0.36249427424352654,0.36241498366069674,0.4134262306439879,0.41605237633365666,0.24013302233204775,0.21163439221256106,0.4234862131079396,-0.10475130595947812,0.028498630119486695,0.22704996360305274
d9d7f0d4-fa64-48f2-8037-52cbf0b34ad8,0.48486010231065024,0.3407594951326258,0.3655341739702775,0.359046084918188,0.3244469077640756,0.28008755983860484,0.22302138543434832,0.3823218327098056,-0.14410060717802442,0.057066174404256514,0.20125179983401953
0f940ec0-eb0b-422a-a764-a26c8e5c216d,0.47177796510352316,0.337124842661986,0.3747892634034249,0.4129008325538966,0.4293727772389266,0.16368972013183464,0.1583050426669438,0.43244884762828506,-0.13465312244153715,0.005384677464890825,0.22419499619672426
ffa7e03a-4a3c-41f0-937a-4fb862fd2194,0.4673010080947817,0.30645980807649226,0.3610480825856514,0.443180505998776,0.40597201053069143,0.18488685513696484,0.1519266521171811,0.42306129047157176,-0.16084120001828944,0.03296020301978375,0.20775605767964458
f89bbd17-c732-4847-b71c-a8627a702747,0.4787191538008522,0.32144493073278135,0.3500536945300863,0.4148378771607718,0.4265830677566856,0.31489210080928515,0.22357853835406058,0.45405523994272784,-0.15727422306807087,0.09131356245522457,0.21561157046824775
264c0d45-078a-4207-a101-71f99bcd237e,0.46938417302740215,0.3444672833162042,0.37377022205286314,0.4372163716354315,0.42356473142118145,0.18969043934980057,0.2158794355723375,0.418726617708189,-0.12491688971119796,-0.026188996222536925,0.22252665001661806
88832340-46ad-449c-8f81-6a8e5b495510,0.44065520387071444,0.3146818019099969,0.3776861699056593,0.38519763051234973,0.3703454805782643,0.3130363205072796,0.2634106419094468,0.4157729435130017,-0.12597340196071755,0.04962567859783279,0.22249523715264782
2dced66c-1f0d-4039-a5e5-54cca77c16e9,0.4661970692502223,0.3357006208837104,0.34181042944076856,0.40022199512707707,0.4259664680615214,0.22924577789361514,0.20133428020461658,0.4427578402845134,-0.13049644836651192,0.02791149768899856,0.21802394045292336
a9cb21d1-4c4a-4f30-ad4d-c54bed26f187,0.47065901453827413,0.3262882470909308,0.34989925058602095,0.4225846121869262,0.4112235000692809,0.20171919487177795,0.19834788281890509,0.40083367973765643,-0.14437076744734334,0.00337131205287286,0.202120720958778
33e989b9-fac4-47d8-b429-269044ac772a,0.47482996339449646,0.3435858055128931,0.3689218369302895,0.4208525305712405,0.4381575908734008,0.28712302916131927,0.23663266013094536,0.4694263544409034,-0.13124415788160337,0.050490369030373905,0.23570134449652982
de287a25-981d-49f8-81af-fe0300e4cd31,0.46707467753669213,0.3384634186711626,0.36292594773732406,0.3873555155252249,0.4341670130709898,0.2825817285645003,0.14751994780660732,0.44221052145397444,-0.12861125886552954,0.135061780757893,0.225508403441923
01f493d4-229d-47a6-baa8-32a342c65d01,0.4418630700123558,0.36076403724532413,0.4000877588018614,0.4287623699495387,0.38576047295736915,0.22504924003734655,0.1771024584011732,0.4281811463673733,-0.08109903276703168,0.04794678163617336,0.2490566241340677
64dcf1a5-c78c-4d3f-852c-15865b3b6189,0.4618840864213213,0.4163337067103941,0.4441822265331809,0.3513397651297329,0.3877118839776454,0.26333110089836265,0.2349178993314165,0.43379289640201374,-0.04555037971092718,0.028413201566946156,0.2774749144080892
3470b1af-689f-467a-9f9e-de74088f9b94,0.4492395986096837,0.33982893941668496,0.37249714206533413,0.42388367339869054,0.44055470878943237,0.2561174766666557,0.21929163635523838,0.39357073576278234,-0.10941065919299875,0.03682584031141731,0.21888573954503923
65ab030d-39f2-48ab-80ac-90cb1faa823a,0.47961985704222915,0.2828379351093764,0.36474030322975487,0.3870076558007413,0.3825065816821394,0.2057837661287928,0.1915552360827242,0.4560920973627084,-0.19678192193285277,0.014228530046068583,0.20801682621987017
c8d7eb0f-2502-4277-a8ef-435b08f3c863,0.47024561484543703,0.3259639479427694,0.36629051627579357,0.3567193219477835,0.4110225855618678,0.3063142718577928,0.21191152527107077,0.4338298461964805,-0.14428166690266764,0.09440274658672204,0.21861289852320218
81f6b141-2195-4091-9cd3-dfb022663949,0.47187034492315155,0.34657763355928417,0.3590706227410769,0.40711567995750625,0.4344579927024156,0.23791268429960377,0.22573353656424291,0.4129047157175188,-0.12529271136386738,0.012179147735360857,0.21556087569824278
abb0d53f-f74e-45dc-8fbb-40863016f3c6,0.4782745759188905,0.33177535018534127,0.35700944561841086,0.42649334303299036,0.4248302618816683,0.25700660162912764,0.2308374037251302,0.47733130109463767,-0.14649922573354923,0.026169197903997438,0.2292805069931664
f2ef5afa-6191-43a1-a023-d53c0d985139,0.4761128881395859,0.3208964128857428,0.3484991512800083,0.4207919077146915,0.4110826289778763,0.2276192895578129,0.21370855994734472,0.4313749942265946,-0.15521647525384313,0.013910729610468187,0.20821922341758659
3d8fd9b2-9aa2-4c81-8843-535ae66d6140,0.45270268709800343,0.3640291619032222,0.33489220678745046,0.38544300874123855,0.41584915246408943,0.20535652426370885,0.1668239974134248,0.422557849521962,-0.08867352519478122,0.03853252685028405,0.22292551037154373
cbe23011-93b7-4e9f-b934-bd0122f91f54,0.44740816868555067,0.3550642631961846,0.4083728825302248,0.4528801630466161,0.4059650824442289,0.2579056240865437,0.2199916860082447,0.42470786568749713,-0.09234390548936605,0.037913938078299014,0.24691228090945194
86d18004-9478-4e46-83b4-4fbe445ccb70,0.46731717456321664,0.3066513081669496,0.3494864378009492,0.4131678618029815,0.41363909288254586,0.24409531947464097,0.15325025115183427,0.42949979215740614,-0.16066586639626707,0.0908450683228067,0.2061067878540294
567ddc8e-2b00-417d-a326-479cb02e08dd,0.4608852296215892,0.2796440215403921,0.35926981212688075,0.42032857588249556,0.42367096208027344,0.2794623680746403,0.1600226902691655,0.4478592212830816,-0.1812412080811971,0.11943967780547482,0.2086292751095884
fd16b634-2e04-44a3-862d-fb03cd73c057,0.4806983914363907,0.3106073728497138,0.38154293830325287,0.41391698710176555,0.42276107339152924,0.23262577241700125,0.21476801653560582,0.4476767816729019,-0.1700910185866769,0.017857755881395432,0.21970956712982595
aee20b98-df51-4ead-86cc-0d5f60a74b90,0.4778542477395813,0.33860776547301485,0.37187214928234086,0.3753002274800522,0.37507274490785647,0.16012167320451193,0.1986885255366566,0.4000762089510877,-0.13924648226656644,-0.038566852332144685,0.21090062532228737
df228c56-89ac-4122-93b3-6c0740c4ec09,0.4703114354669223,0.3303357314148681,0.3947110887865036,0.45043937136984563,0.42572398503533326,0.21992398723882986,0.19606297848754634,0.4388804212276569,-0.13997570405205417,0.023861008751283524,0.23120526865403546
f5c3bc61-1018-4351-bb23-aacc1459365f,0.4763484566796383,0.3358305330053774,0.3827654992436577,0.3645959630951144,0.4287631056302249,0.3667368289086032,0.2984434359880371,0.4347859221283082,-0.14051792367426091,0.06829339292056613,0.22567783256590168
60ad2c8a-6bbf-43fc-ae73-cc1f6d6c163c,0.47165671659026087,0.34550946722557746,0.3707982586806157,0.40550917425895777,0.41814003972102903,0.14343119756389658,0.18955323841526078,0.4487252320908965,-0.1261472493646834,-0.046122040851364204,0.23112541380227625
6e9e0c2f-2ddb-40f1-8e8c-618119e62ec1,0.4665088511414682,0.29845818369381544,0.3224125587464348,0.38984538284777315,0.43586439425430695,0.1687984771054446,0.20335359868823685,0.42443997967761304,-0.16805066744765274,-0.03455512158279225,0.1929339569921317
05ff79c5-1127-4cac-8f4c-84089a3f2cde,0.479808080924722,0.3127465924531643,0.3445370145841272,0.37237878315492895,0.423638631010115,0.2907653073007222,0.22362617059849194,0.4120594891690915,-0.16706148847155772,0.06713913670223026,0.19651167176055365
df5ab6cc-6f68-4b6b-95e2-954c6b57ba9c,0.46405385743484334,0.352595932884511,0.3881811410953684,0.4021056338841353,0.44556140593967947,0.3486029685886502,0.2754211845128809,0.43734007667082353,-0.11145792455033232,0.07318178407576931,0.23802109773861987
62d39be5-f029-4eb8-8b00-46470e06a755,0.46355500640885,0.31917964825571327,0.35896814124548215,0.3960361312225032,0.4134820562560621,0.24053387087728095,0.1429804505721643,0.44063784582698257,-0.14437535815313673,0.09755342030511666,0.21841020963977598
ef4bb5bf-4535-4bd1-8a74-aba920123ee2,0.4775205256411737,0.305677448410453,0.36078971374464497,0.3936776134224778,0.42683478823149046,0.19046244395543488,0.2027574739321717,0.45931365756777975,-0.17184307723072068,-0.012295029976736815,0.21608676469390134
84e34cf2-b3bb-4a1a-8fb7-6c2c604c4008,0.472925784362406,0.26623901520837906,0.3176724287248415,0.3933557349222295,0.442538450879867,0.13161028943574382,0.10135275574185056,0.41156759503025264,-0.20668676915402695,0.030257533693893265,0.1741844182003557
c658f35d-ceeb-4189-8e3d-03e3b9706667,0.47636808739130937,0.28540249662228484,0.3753911617648757,0.43098520802300205,0.44578541406863426,0.129002299517992,0.105294684818882,0.445342016535033,-0.19096559076902453,0.023707614699109994,0.2099225291769614
0a94eecf-4db2-4846-8383-c83ff02e4a9f,0.4693599233247497,0.35682818111481923,0.3657809956005127,0.41923159085922795,0.4291995750773636,0.2418551864523089,0.21086650269627372,0.4332409588471664,-0.11253174220993045,0.030988683756035196,0.22883007074591621
f1e6ce83-b4a0-4643-8e8e-a1ef8a158a27,0.4683645307682537,0.25237306142245114,0.31868569647001765,0.41857484324661376,0.4373516234815944,0.1719079401003606,0.1006700269050011,0.4572144473696365,-0.21599146934580254,0.07123791319535949,0.18663622483128386
74a0264d-1d31-430d-9a88-e7334c8aa96c,0.4475478931627386,0.3485744309849071,0.3767811572614635,0.43596638606944493,0.4172139854972057,0.07508734539288106,0.13801226313783904,0.44713870029097963,-0.09897346217783148,-0.06292491774495798,0.24164879845820386
e76258b7-e13a-4b05-855b-d792701ffba1,0.47163131213986303,0.3791721037295364,0.3893820510155772,0.4350830244454452,0.42325989561683064,0.22860409030474388,0.243050022517061,0.47488337721121426,-0.09245920841032662,-0.01444593221231713,0.2572687399388216
ae6b315f-3f78-4695-adfa-48b0bbab2c89,0.46362082703033525,0.34183535996243136,0.35511858985462064,0.43351404718190323,0.4069581081705233,0.17420580850986614,0.1529601274812069,0.4662717657383031,-0.12178546706790389,0.02124568102865923,0.23320162950833997
5498d5ef-ad24-4034-9750-7c996c5355e1,0.46741879236480793,0.32780485082239186,0.34708461796053164,0.4085013452500548,0.4374439979677613,0.24591480896185175,0.2127371508412143,0.44061013348113254,-0.13961394154241608,0.03317765812063744,0.2160269366330827
02f9668c-71e6-485f-88b1-b37dc8bdd2ab,0.47835656300881074,0.3678533898402947,0.3792883454001686,0.40348408216995185,0.4403745785414069,0.29969119815774625,0.2376950035218993,0.43631241051221653,-0.11050317316851604,0.06199619463584696,0.23503252758128967
c8de215d-53a4-4e6c-be58-5887a8094815,0.468668229425282,0.33312643625067845,0.35591390399648964,0.4189385803859078,0.4425453789663295,0.21399868693233742,0.18311133820625627,0.45121934321740337,-0.13554179317460358,0.03088734872608115,0.2238638180130965
fac2c617-8149-45bb-b766-fbe13dc3c425,0.4624868647443966,0.2979587437594066,0.33209922518215723,0.4083858731423425,0.4184702785090758,0.16528816556529544,0.16080934400295607,0.4271904300032331,-0.16452812098498998,0.0044788215623393635,0.19825384473346677
3a785e32-7960-4c72-84c4-fb42c4dd86f1,0.47155971777965106,0.33654938007860163,0.36857686400849876,0.42869741688895047,0.4272435453327791,0.28110040348787724,0.22432622025149826,0.45340399981525104,-0.13501033770104942,0.05677418323637898,0.22899017537423347
9c34830b-4d7f-4b41-9659-fbfc36c145c9,0.46661508793404083,0.3831782086369428,0.37988302675488733,0.4426695419221487,0.4161655350792111,0.25597891173743925,0.254539497234443,0.42594106507782553,-0.08343687929709803,0.001439414502996228,0.24079573751187158
315ef7f6-ca21-4d87-8f19-40bd455885ec,0.4678991674268756,0.3425503577876062,0.35065992309557625,0.37567551183011744,0.39117823657105905,0.2553388737310587,0.2264913222711054,0.42303819685003,-0.12534880963926942,0.02884755145995327,0.21611643676877898
a782f174-241d-42c6-9bc4-61cc39f8b397,0.4697040381528655,0.3559313063193105,0.38334718998625883,0.38810175402131614,0.4363932381876126,0.31423061823052584,0.24885393933095462,0.4817260172740289,-0.11377273183355496,0.06537667889957122,0.2504334918089109
21bdad0d-c6a2-428c-b2b4-0de282b34abc,0.4712421621496784,0.344795431712415,0.37913245805475687,0.42437009965242894,0.41554431665973857,0.22889936557057408,0.19509301278276234,0.4367165488891968,-0.1264467304372634,0.033806352787811744,0.22980075883556342
a54b322b-80d3-435c-8d14-25841b741f6c,0.4475247982078315,0.306017144550812,0.3439610974469117,0.42838419879678064,0.4377165027019537,0.12608418809199393,0.14532309095737925,0.4377719273936539,-0.14150765365701945,-0.01923890286538532,0.21340845706118206
bab21810-f51b-421e-a87f-1f1136cbc77a,0.4702155914040578,0.33796686567279083,0.36663260239489154,0.44135460329557397,0.39092651609625423,0.20192044393563988,0.18409140772046512,0.43289455452404046,-0.13224872573126695,0.01782903621517476,0.22242614372922168
2b94070a-21ec-457b-88af-3d2a89b97ac6,0.47728726659661197,0.32869114018576473,0.36365486541725844,0.3721435087354649,0.3575215925361415,0.1527562873836632,0.23636418748051408,0.38296383538866563,-0.14859612641084724,-0.08360790009685087,0.1993408581316923
28033279-cc74-4775-afdf-2497f6ddb55c,0.4619118003672098,0.3471588700147426,0.3589811318575998,0.4200038105795545,0.45094683848321093,0.24256285734080704,0.18083509428297595,0.4352685788185303,-0.1147529303524672,0.06172776305783109,0.2264989267745543
79d33c28-a7e2-4fca-8be1-a16fb6d68d49,0.4729488793173131,0.37548356178620507,0.369073394071662,0.4226380180367432,0.4368019952889012,0.18797652314199276,0.21433210932899158,0.45363493603066835,-0.09746531753110804,-0.02635558618699882,0.24174767085707413
19d1a5fc-3ce9-4e43-a364-a4150bcf911b,0.4761833277520526,0.34157361109507256,0.36450935901433007,0.372528896894955,0.3756062075654704,0.19050863226517367,0.2318651054837704,0.39315043185072285,-0.13460971665698002,-0.04135647321859673,0.20768335806935764
fa96d094-0165-401c-8fd5-6d1ee4ef3994,0.47204240233720945,0.2354623524294529,0.31997176706966435,0.4049491345365527,0.42189044385940605,0.1331740936369005,0.1617186868511911,0.41274767909103505,-0.23658004990775655,-0.028544593214290592,0.16537979875098094
7d8eab0a-e6c8-4449-9ebf-50c41db94a06,0.4725978360027252,0.36430438313875385,0.37283634138173927,0.4103907576124987,0.42671701076162766,0.20483855536163798,0.2244907680049884,0.44219897464320357,-0.10829345286397135,-0.01965221264335043,0.23558062105365715
a9e4b6db-8b4b-4345-a4a1-d63175eb0174,0.4661982239979676,0.335591879626315,0.3690185448204986,0.40277825891155994,0.44413191076624636,0.20135958588881153,0.1817862957702567,0.4091058149739042,-0.13060634437165264,0.019573290118554826,0.21583933847425008
192da41f-f0a5-494e-8eb9-96bcdae56ff8,0.46817515213801547,0.3185204645272546,0.34885134120853106,0.42312733109317446,0.4284421042907949,0.1499734417219002,0.16479313171903326,0.43175834834418736,-0.1496546876107609,-0.014819689997133068,0.2103183339806525
cc53bf9e-5e27-4305-a08b-552120c10aa5,0.4647178373884225,0.3828847034731765,0.3820668929919978,0.4160012586459741,0.42083506535494897,0.32394500951809097,0.2905350400110853,0.4704378550644312,-0.08183313391524599,0.033409969507005643,0.256890538047061
6f2b5a14-569c-4084-8c67-b1a44d787897,0.4676520514093696,0.2960119865584258,0.35102943384025587,0.43276925208715833,0.44155697196434346,0.1847680851976365,0.160484578700015,0.4140039721029052,-0.1716400648509438,0.024283506497621482,0.1977977803640724
0dc41cd5-0672-407c-9b4a-0f5f3970aa54,0.4586369357613829,0.3581263400194772,0.3640330365700165,0.4230450572164294,0.4098170985173895,0.16140009963478244,0.18395284119121028,0.42218604221514017,-0.10051059574190574,-0.022552741556427836,0.2285694943477503
fce1fd5a-54d2-4260-b187-4eb7035e96e9,0.4617362787099158,0.3245262537963209,0.3558908095749472,0.3882980566044272,0.4552491801764353,0.19314631466775758,0.18650910497569312,0.4916054685695811,-0.1372100249135949,0.006637209692064466,0.2367620844103111
fdffda5f-72b2-4153-b7f1-d7043b7ca898,0.45756071086271205,0.32420772852023355,0.36368229004284014,0.41919983602960703,0.4196365063969332,0.22779249571933344,0.2034012309326682,0.47245392822502424,-0.1333529823424785,0.02439126478666523,0.23426107864179527
286cbae3-8324-43b7-9b20-0f40dda1588e,0.4592593447961293,0.36873101839555644,0.3664449602198589,0.3951383355850394,0.43780656782596644,0.31335963867545125,0.20002511518342744,0.4524063553646483,-0.09052832640057284,0.1133345234920238,0.2427743297279781
64b0461f-038d-4712-948e-818dc2f10eef,0.4496772480051733,0.37422197073801633,0.37022234154340017,0.4041985658364222,0.42686250057734054,0.2548077081690624,0.15871929885336197,0.43517389497020925,-0.07545527726715695,0.09608840931570042,0.24331365308215083
14cc6f5b-5692-471e-98b4-ae200b3d8fed,0.4741036270626682,0.2940411715571363,0.3145922102516137,0.41542101130471937,0.4184610410604591,0.25198692211001394,0.1782874909065715,0.4442058103551799,-0.18006245550553185,0.07369943120344244,0.19291185503375394
56d5b0b9-9093-4286-a2c6-7faa9a1680f5,0.4550883959399069,0.34443648933180904,0.3602484382397432,0.424391750672625,0.4321209182023925,0.2746158947170471,0.2223487604069237,0.4192416054685696,-0.11065190660809787,0.05226713431012342,0.22294604570007162
97f6c8d3-09a0-4128-8f10-41e736648a5f,0.46824674649822745,0.3307466386441409,0.33678739275527997,0.3828578769298276,0.44521500161655353,0.3407938450778108,0.233621724922345,0.4633827536834326,-0.13750010785408656,0.10717212015546579,0.220890012861542
5342e2e8-1465-4f7b-9450-ef27280f80c7,0.4796752849340062,0.318524313775304,0.3590071130818351,0.41666955346935947,0.4352962911643804,0.11620648813785231,0.21101661643629982,0.478857789478546,-0.1611509711587022,-0.09481012829844751,0.2255713104672263
ca22edd4-eb7c-4677-84aa-6f0354459a19,0.47388076074781466,0.33671489774472557,0.3706914469809817,0.35563965774067274,0.4558657798715995,0.38238971716258613,0.2752349857391947,0.47202669622650223,-0.13716586300308908,0.10715473142339144,0.23518409340146496
85bdc1ac-a1a4-46c2-bc2d-e5fabf5c89e9,0.4682259610388111,0.23122336801505824,0.316490283022136,0.4012944423274558,0.4178005634843656,0.15768194070080863,0.13908759714091062,0.41756731790679413,-0.23700259302375284,0.018594343559898002,0.16568500263505911
955464c8-9c62-430c-87b8-107db5c980a8,0.47214055589556464,0.32519987220496477,0.3547793905382155,0.41920416623364626,0.42535217772851136,0.17716845866311237,0.20332328725996235,0.4618031499699783,-0.14694068369059987,-0.026154828596849977,0.2232139522725313
515a062e-f68e-4100-a923-bd2ce0bbe071,0.47191653483296575,0.28339800070056315,0.34222757242987956,0.43678335123151,0.43847397348852246,0.163928909592982,0.13888696435376036,0.43039351531107106,-0.1885185341324026,0.025041945239221652,0.19470085120284933
4ad9784e-1edc-4186-9b45-4dfe0003f74b,0.4560953359738565,0.3599441474108033,0.3713496379949423,0.40372946039884067,0.425213615999261,0.32895479154226065,0.2605353864274085,0.4229158006558589,-0.09615118856305321,0.06841940511485217,0.2327047500292493
15b987ba-77ab-477b-a54a-65ec5c7c399e,0.4711105209067079,0.31636296099556954,0.3554101569265944,0.4077320123324211,0.4257101288624082,0.24091822359760745,0.19128676343229292,0.41319338598679045,-0.15474755991113837,0.04963146016531453,0.20461866100074885
4be66108-e72a-406b-bb4b-f58ff2877336,0.4552477511287659,0.2714913141717765,0.33261884966686295,0.40423176406738953,0.4340469262389728,0.2517345359889412,0.1888041131164767,0.41322109833264054,-0.1837564369569894,0.06293042287246448,0.18736117034750469
85a57cfe-f1c9-44d9-8b50-022c0d3438d1,0.4592281666070047,0.38057707926756507,0.3788019191464302,0.3995378228888812,0.3975266731328807,0.13784241208550116,0.18123780325862288,0.41078703062214217,-0.07865108733943965,-0.04339539117312172,0.23697928747637756
2c9996bb-af6e-4424-881a-e81b9c9aeb78,0.4718102980403931,0.322037714932388,0.3363154005150056,0.4085475340931398,0.4347212599879913,0.21609035753050904,0.1889210286255355,0.43522931966190936,-0.14977258310800512,0.027169328904973533,0.20725737902296992
db246424-3979-4f23-b316-8d30c449ee15,0.4750262705112068,0.35378246359573656,0.3838494936548077,0.42591742589577486,0.4474088956630179,0.2891025281501252,0.23091534739783606,0.4449355687958986,-0.12124380691547026,0.05818718075228915,0.23584708517841202
41658cf8-0de1-4a97-bb60-0f0107c84e00,0.4737537384958256,0.3300710956114723,0.36438666989988566,0.4165771757831896,0.42051406401551894,0.20837361063914722,0.19277202341774344,0.450547318830539,-0.14368264288435328,0.015601587221403784,0.22375044861535712
35620be9-3ba5-4be7-9e00-83103e6a92e6,0.4707537038533932,0.3028723088944575,0.3358636158935809,0.4435038279003707,0.4350653549489631,0.1754809357751553,0.20382126072447201,0.4348436561821625,-0.16788139495893573,-0.02834032494931671,0.20094195903893586
857a5889-19e7-4208-8362-f1377c408037,0.4672883058695828,0.34362333568137465,0.3633979399775984,0.3899724021662567,0.41241282157868,0.1674161269782618,0.1233675130772162,0.41160916354902777,-0.12366497018820816,0.0440486139010456,0.21711404444613933
81a7184e-f9f5-4e3f-9603-5f5642386c1e,0.4680192611923925,0.2901053154266314,0.3153370053463586,0.4145549704968765,0.4305297676781673,0.18339398298290702,0.15584981697670927,0.42661078010253567,-0.17791394576576108,0.027544166006197746,0.18801127989437774
0c53b010-4243-4da3-a059-7f54c9a850ec,0.4568459220083373,0.4261704601006193,0.40927933857576704,0.3992549162249859,0.4108101242436839,0.35275991646514265,0.29916513666123945,0.4743406771049836,-0.03067546190771797,0.0535947798039032,0.2843148512576776
1a09207e-9184-4f32-bd07-a9f4dc6c825d,0.4729246296146607,0.36368850345085085,0.386664126280297,0.3856436415283888,0.4215994642279802,0.2559937579798553,0.25034930312583,0.46053069142302894,-0.10923612616380984,0.005644454854025316,0.24598623051317203
e831369c-78c0-4c75-9cf3-f46ed669312e,0.4597362556149609,0.35058855002675227,0.35594854562880335,0.3863581251948592,0.418285529536742,0.3075118687460204,0.26361993510467546,0.44547595953997504,-0.10914770558820863,0.043891933641344916,0.23075893319352325
5eed7e8a-c219-4497-a99f-bfc48faca4d8,0.46339680596773636,0.35433290606679985,0.3785117954758028,0.42147030634750177,0.4275576185857466,0.31038379186227966,0.26294297987321164,0.4201353286222345,-0.10906389990093651,0.04744081198906802,0.22986107473236694
c83d38fc-e011-4f75-a100-96513611f3e9,0.46906661739742955,0.2971850449014785,0.3465534462650547,0.4324502603896029,0.4343887118377904,0.2210440537499959,0.16861670188565953,0.479084106969655,-0.17188157249595104,0.05242735186433636,0.21791866024625287
64bd568d-0509-48fe-8d0a-aef2a85d5c57,0.4653875910807284,0.3245368392284567,0.358129525063221,0.393425018186857,0.434063091774052,0.24956533501370803,0.16958811099178994,0.46511939402337077,-0.1408507518522717,0.07997722402191809,0.22746605574477333
fa83dfb5-7386-4a35-9861-aa866478d5f1,0.4698991905218305,0.331564603854637,0.34861895359175993,0.42940324014734244,0.44222899635120777,0.22942228322011698,0.20672827103613123,0.4093552260865549,-0.1383345866671935,0.022694012183985757,0.20654653100370712
127f738d-afa1-42f6-a9a0-f33806667b84,0.4636727906788762,0.34648332698207407,0.3523544762762555,0.40955214143023755,0.4312479793081151,0.17317811861817775,0.19436553850417432,0.41136206179853124,-0.11718946369680211,-0.021187419885996567,0.21550902479266154
77a44132-af22-4115-9fa2-78f2f74bf687,0.4802399565814848,0.31828277346020456,0.35730389949307745,0.3766007320931629,0.37907025079672996,0.17046785458600427,0.22526298772531494,0.3853124566994596,-0.1619571831212802,-0.05479513313931067,0.19355305769041897
0712566e-3371-4715-95f1-5b792e72d758,0.4747872377279183,0.31407265840618037,0.3879112250435907,0.44267820233022714,0.4360837836589534,0.24265358437779397,0.21175563792565905,0.4515033947623666,-0.16071457932173794,0.030897946452134922,0.22623334682807314
a94e1279-a975-480a-93e9-7b1ff05cbcbf,0.45760690077252625,0.3379909234730995,0.37432593157122895,0.4469492269142389,0.4011823934229366,0.12842494564625692,0.17943932518100253,0.43408618539559374,-0.11961597729942675,-0.05101437953474561,0.2295987132224653
51dcbfac-6f04-4364-877d-0bf1bd566335,0.48247670296423745,0.30271352741241997,0.3588974145795083,0.44757566309857855,0.42501039212969377,0.16542013216454915,0.16053798454983198,0.4571451665050113,-0.17976317555181748,0.004882147614717169,0.21209313517756737
ea923671-3903-4a79-830d-e7e4b1eabab0,0.47073522788946753,0.36864152337840805,0.37870809805891387,0.411925093243727,0.42235693501454896,0.27125404560105837,0.2276965623953534,0.46360214308807907,-0.10209370451105948,0.04355748320570496,0.24673884554531114
3eb37b12-b8b4-40a3-bd8b-f89fc39c05fa,0.46095566923405584,0.36633871073285834,0.37646216556390805,0.4211455410445607,0.4186411713084846,0.25733486854477133,0.20973920624473158,0.4172624821024433,-0.0946169585011975,0.047595662300039754,0.23303589638838462
9d8c4693-8e36-473b-bb34-a7cdc04dd223,0.46947539809928523,0.3477073878617812,0.36124294176741606,0.4158251636817127,0.40488199159392174,0.2117915455598188,0.21397847599912242,0.40852616507320677,-0.12176801023750405,-0.002186930439303625,0.21600036553437293
4563e4e0-a661-46de-ad25-9c86a621e147,0.46974445432395295,0.3725071307320115,0.3727353032874909,0.40405855590582096,0.3912890859544594,0.203964276641582,0.19926155587117933,0.41352593413699135,-0.09723732359194143,0.00470272077040268,0.22967463794418028
dc22eba5-6fb7-4875-b30a-99fa00758301,0.47732190902897265,0.32369866546570125,0.36315977875544164,0.41396606274754333,0.4250150108540021,0.24251666903106825,0.21767069664322583,0.4544362846981664,-0.1536232435632714,0.02484597238784242,0.22132427329677887
01240896-3f3f-4bf9-9799-55c87bfacf36,0.4645030543077865,0.3454517285048366,0.35492228727150954,0.4113275250863154,0.4317190891875664,0.28288030299531186,0.1906473366358356,0.42351623481594386,-0.11905132580294991,0.09223296635947625,0.2197957320948345
14c13b05-abfe-472e-83a9-b28f60e58ad8,0.4621877850783496,0.3492047453529953,0.358439856352698,0.4244278357062852,0.3937716502701954,0.09531122672851501,0.12937061927691365,0.4120687266177082,-0.11298303972535434,-0.03405939254839864,0.21917518108168396
c46971a1-cbac-425d-bac2-f4142c92522e,0.46701001166295225,0.33499620849067135,0.372347028325308,0.3950069860625166,0.43674657059720107,0.35916029652894854,0.2630959804159305,0.45989099810632306,-0.1320138031722809,0.09606431611301802,0.2334080744197834
a123dc45-e427-461e-8d60-c51307aa498c,0.47686693841730277,0.33394247683714984,0.36142192353437025,0.4355579034884124,0.42831047064800704,0.24231706954969698,0.21504659299546194,0.47620895108770955,-0.14292446158015293,0.027270476554235035,0.23156880434730898
733d8b6a-ca9d-4a69-8c9c-1f88733e8b68,0.473403849928983,0.32575031467602805,0.35179587995519684,0.4175428112839344,0.42047018613458964,0.2481945319639599,0.20334638168150485,0.40867165488891966,-0.14765353525295494,0.04484815028245506,0.20427133319705384
44c2854e-3f8c-48e1-b4d5-1b5778d4fce4,0.4621115717271562,0.3461426685297027,0.3467699564670154,0.41811584161845705,0.4414461225809431,0.21802036904459482,0.2039410630362236,0.42810262805413146,-0.11596890319745351,0.014079306008371206,0.2196345604412311
2a7bbafe-d499-4241-ba3d-a52ba0a5db3c,0.4729361770921142,0.36224022387226656,0.3720670084641055,0.42923291878846664,0.4137106831093252,0.2172417661089978,0.1616320827704068,0.43963096392776313,-0.11069595321984765,0.05560968333859101,0.233667339724007
eeb42912-0c7a-46bb-bd95-369b2b425727,0.4837261400247116,0.37575397146167494,0.3944599369522292,0.397668618145287,0.41971964343448337,0.3227012243201246,0.26158473920624475,0.46462057179806937,-0.10797216856303665,0.06111648511387985,0.2503694467290873
d17a2ab0-faef-40de-a87d-1291868b200d,0.46494878693749353,0.3288980372684196,0.34633549266174757,0.3944455029387651,0.41461364371160686,0.24096276232485558,0.18986356970473783,0.4333933767493418,-0.13605074966907393,0.05109919262011775,0.21455937324733845
e703af88-c05f-4d7b-b225-d640e4d1a2a5,0.467955750066398,0.34324707168454643,0.3564378586852346,0.413857807646563,0.4209089649438825,0.3115137558683897,0.1891952748813524,0.481887672624821,-0.12470867838185157,0.12231848098703729,0.23787228430940136
0f008098-d8aa-46dc-8445-cca59838c582,0.4691740089377475,0.36348256868020834,0.3846375907899447,0.40677648064110117,0.4323033578125722,0.3002355603796679,0.2486778443666932,0.46772435453327793,-0.10569144025753918,0.05155771601297471,0.24889016835522781
d7ba64d7-b4e5-488d-9f28-bcb7bf3c0f35,0.47098696289795494,0.2970378111635892,0.3592510479093775,0.4201741319384303,0.38757332224839497,0.2125833451553412,0.15342778951744207,0.420728834695857,-0.17394915173436576,0.05915555563789912,0.20201024362362294
5da56982-6de7-4994-aa9e-3b01200b2959,0.4629984179955889,0.21978628974829767,0.340849124144063,0.4230869158554751,0.41953489446214953,0.21758652884954818,0.15436600039260517,0.44168629624497713,-0.24321212824729121,0.06322052845694301,0.1797744307139163
cc15469c-7bad-4e86-9da3-ae0c72e9d380,0.4631519994457211,0.2871317713084749,0.3469864666689761,0.40837721273426403,0.42665696734561914,0.3086946193918319,0.183941293980439,0.4660500669715025,-0.17602022813724622,0.12475332541139289,0.21233876850107744
33522271-b2ca-4da4-a942-501ab9117c51,0.45444289195025345,0.321402589004238,0.35811942125379614,0.43039052666828326,0.4094614567456469,0.22001636385830747,0.16147330862230228,0.4062237310054963,-0.13304030294601543,0.0585430552360052,0.2104342831044257
01ad5016-f691-4bca-82a0-910429d8d25b,0.46320396309426204,0.29535087820594247,0.33502788651401255,0.38248547938245514,0.4289709482241005,0.19643228298917545,0.19477402108520686,0.41527643064985453,-0.16785308488831957,0.0016582619039685886,0.19415041075851583
b3c267aa-345d-40d8-a8da-f9f08c64f9c7,0.46933798311758795,0.39080068208675434,0.3797415734229397,0.4210170783247307,0.4320354718026881,0.18991148340355057,0.20326266440341337,0.4340561636875895,-0.07853730103083362,-0.013351180999862794,0.24508681202656515
88e64f45-adc4-4223-9838-4d7d45b8f0c0,0.4670827607709096,0.34137729944455353,0.3449556009745846,0.41000392605166225,0.43202854371622557,0.3175875185990426,0.1704238403713583,0.4589349221744954,-0.12570546132635607,0.1471636782276843,0.22606168727424128
f88c0259-58ff-4bcc-a777-7705cdbd8213,0.467318329310962,0.3662184217313148,0.40158167919539034,0.4429827600143185,0.4310747771465521,0.2201367833801265,0.25358396554312307,0.4744353609533047,-0.10109990757964721,-0.03344718216299658,0.2583057108563493
381cf7f3-cd7b-4660-8175-ff8062f7bf78,0.4563932608921581,0.30276645457309914,0.3463080680361659,0.4094828581656101,0.43648099394947115,0.19394636217573333,0.1471547672659669,0.38894970209228213,-0.15362680631905895,0.04679159490976642,0.19387698793646302
e8841edf-e070-425b-b4d4-bbb2115f9dbd,0.4699384519451726,0.3414032818688869,0.3864851445133428,0.4281272733571206,0.3987783474204425,0.15322476881101393,0.167313310469856,0.41355133712068726,-0.12853517007628568,-0.014088541658842074,0.22383377051924813
dd4be58e-da22-4bcd-bf4c-2b9e60ffda19,0.471575884248086,0.32448391206777755,0.3615763674784356,0.42512355515525224,0.44418733545794653,0.10991827968341213,0.1352467061581275,0.47911181931550506,-0.14709197218030845,-0.02532842647471538,0.23119873820454406
73a142e1-8ac2-4cfe-b8cf-7e9dea64f488,0.46543839998152403,0.2739885138438206,0.33225366912622256,0.4207024168312144,0.45769710405985864,0.1268116539703801,0.060035392201013844,0.45357258325250566,-0.19144988613770342,0.06677626176936627,0.19812545541367496
091e3084-04ee-4497-893c-d46226dec78f,0.47196734373376137,0.3216989811040413,0.3391069387189524,0.4295807785129502,0.4379751512632211,0.21610520377292508,0.14391721804598098,0.4581197173340723,-0.15026836262972004,0.0721879857269441,0.2156527644744349
1e0789d6-7efb-4807-8d36-cd9224675a0c,0.4613136410351159,0.3492403508974522,0.3698946894377663,0.43619877368621607,0.3932820654935107,0.17502730059022062,0.19667786746111476,0.4311024894924022,-0.1120732901376637,-0.021650566870894145,0.2296412962641683
c48e2ce0-3806-4675-92f3-d38ff67c5efa,0.4702640908093627,0.27647609039574117,0.3372435075807439,0.4219625062066258,0.41928086462519054,0.19243369503178745,0.08235326381912449,0.47850676643111173,-0.19378800041362154,0.11008043121266296,0.20732075786607804
bf69a4ce-ec7e-4752-a86d-dcc80e3c9a57,0.48239702536980794,0.35184244257884223,0.37603058856133303,0.40030715580651494,0.4183594291256755,0.34523452114269876,0.2233721319615247,0.4535587270795806,-0.1305545827909657,0.12186238918117406,0.23301157761664934
b718134c-5231-4f29-a423-7bad17c93fc5,0.46610930842157533,0.2712699824089364,0.35561367651643744,0.4242762785649126,0.42332224839499333,0.201839614393597,0.1769509012598007,0.4510369036072237,-0.19483932601263892,0.024888713133796286,0.20393708470367408
3e0c34cb-fca5-4bcf-a5c1-5a7d286dd072,0.4612062494947979,0.3527470158704497,0.3759382108751631,0.41206798997702104,0.4363262666851416,0.2708334020659371,0.17959521252641425,0.4360930211075701,-0.10845923362434817,0.09123818953952284,0.234523999452795
563d67a1-f1ba-4722-aa2d-9b35b1689468,0.47202161687779304,0.29271895485216964,0.3536852923176407,0.4077551067539636,0.4110526072698721,0.17729382693240342,0.12193277213888985,0.47628054131448894,-0.1793026620256234,0.05536105479351357,0.2168877238688354
13ae9d83-a22f-451f-88bb-686051725cf3,0.4703795655838982,0.37159582125631757,0.39403124675234696,0.3668635466103163,0.4439771835019168,0.35534151306304373,0.24263287952795,0.43195464412729206,-0.09878374432758064,0.11270863353509372,0.2424007155173528
f6c674bf-396d-4bfe-8d08-e7266c314be3,0.47330800586611854,0.2975257033538498,0.3611852057135599,0.4155653514393598,0.43676735485658863,0.21612829792779448,0.19524601332548122,0.47015380351946795,-0.17578230251226873,0.020882284602313256,0.21851890224025303
0a815133-0edd-4422-89f2-2f067b6f2156,0.4730216284252705,0.3173002528955968,0.3358029930370319,0.3972052863130911,0.44166782134774374,0.21743311767791573,0.19825117492869598,0.4488199159392176,-0.1557213755296737,0.01918194274921975,0.20963384448219194
9d68516e-7e5c-403e-8aca-ea1abe0d6014,0.4665642790332452,0.3323383027125651,0.31714270043071097,0.41252121799979213,0.4273682508891044,0.08437119565038088,0.148631366843339,0.43171677982541223,-0.13422597632068012,-0.06426017119295811,0.20487783464514772
d4da3298-3a02-44a6-bdcd-d260f38e520b,0.46594648898948027,0.21688010747100553,0.34356416207665036,0.42630858766065055,0.3999676689298416,0.09809242280778735,0.1287167584669923,0.4777931735254723,-0.24906638151847474,-0.030624335659204943,0.19076365136121598
9382987c-b5b3-48fe-8194-4d83fe340cd0,0.46484485964041156,0.37816841230065706,0.39583982863939216,0.44375353633329867,0.41879820793496836,0.2934095880332688,0.23022973175829378,0.4365133250196296,-0.08667644733975449,0.063179856274975,0.24855890210642242
67ba29e7-f294-4dcd-9630-ad768c22c588,0.46376401575075926,0.3142641584966377,0.355537176245078,0.41198427269892957,0.4289201422567087,0.23430009864503296,0.18119883142226995,0.4144750819823565,-0.14949985725412157,0.05310126722276301,0.2068374669911043
13eff2e5-e33a-485f-9ba4-8a7ccb3c7528,0.46744073257196966,0.2457263723531608,0.31462973868662025,0.38713467511922495,0.4436723476975659,0.20324505867564918,0.07520121014768882,0.44380167197819964,-0.22171436021880886,0.12804384852796036,0.17890568348200367
c1e141af-bdd1-4176-8c0e-cf1ab0c1d9d3,0.46699384519451725,0.35268639021367176,0.36107695061257955,0.3873641759333033,0.40823056671747265,0.17422230433477287,0.2012476761238323,0.41391852570320076,-0.11430745498084549,-0.02702537178905942,0.2202293404449783
aedde4a5-6520-40b9-9721-c9b826490b7a,0.45032737098580816,0.3494231901797984,0.3723167168970335,0.4446672093855729,0.43588979723800286,0.1589966579458739,0.13722272260135565,0.4314950810586116,-0.10090418080600977,0.02177393534451824,0.23430253904987844
10628a61-bd5e-4415-af97-631c5ca320cb,0.4709592489520664,0.3462687314033204,0.3609571483008279,0.4074404452604473,0.4142071959724724,0.2827631826384742,0.20490381173427558,0.45666481917694335,-0.12469051754874605,0.07785937090419864,0.23097714997634175
d7ebd11a-1339-4b28-be90-a788d2cfa706,0.4748611415836211,0.3333814489339508,0.37791422731839125,0.4078648052562903,0.43412775391436886,0.2458719198170943,0.22713796607429476,0.44559604637199207,-0.1414796926496703,0.01873395374279954,0.227343527013571
e8e80df9-e3ba-4dec-b8fc-a5e80d8c6798,0.4665792907539348,0.3359854652393655,0.34542759321485894,0.4213591644438286,0.43306544732344926,0.2563005803231202,0.15198150136834448,0.4441203639554755,-0.13059382551456927,0.10431907895477571,0.2196513772185884
2e386e48-b99b-4806-a3e3-081d72a606e7,0.47007933117010586,0.32405375859825786,0.3676444267387213,0.4033729402662787,0.40974319892845595,0.12576746825378496,0.15561021235320607,0.4475774791002725,-0.146025572571848,-0.029842744099421115,0.22306544442238194
81e7cca8-2d71-4446-9692-872c2fe68d0a,0.44607212554417486,0.4073158808426774,0.41488983960924236,0.43289771480698835,0.41220266962265023,0.2987657823804795,0.2720984746134571,0.46035056117500345,-0.038756244701497466,0.02666730776702242,0.27882805202758276
9f45a227-1fd5-478c-a194-4a5c61b68cc3,0.4652698068107022,0.33836526284590307,0.3538440664657452,0.436647671504948,0.4099510415223315,0.2080107024911995,0.2004076165402247,0.4289039767216295,-0.1269045439647991,0.007603085950974781,0.21861449974085853
af3a0634-4292-45bd-b948-6b6bd2d58090,0.4705135163223594,0.31961846253334414,0.3337461461184051,0.41360954261498134,0.4766708235185442,0.22121890949400708,0.1561861294904216,0.4130109463766108,-0.15089505378901524,0.06503278000358548,0.19862067956866689
a72dd578-3a6f-4807-a843-4a942500944e,0.470775644060555,0.37938766162030246,0.3729864551217653,0.4389845382847773,0.4235670407833356,0.2091192219249308,0.21232289465479615,0.46353517158560803,-0.09138798244025254,-0.0032036727298653533,0.2483778814223736
6775ce57-b4cf-425c-a898-061bb9a8a1a8,0.4778611762260534,0.3349856230585355,0.37308460641332086,0.40925768755557096,0.4111011038751097,0.09681234679502618,0.16675182734610455,0.4720128400535772,-0.14287555316751788,-0.06993948055107838,0.23407396443312675
dbbee8f5-d83d-4195-85cf-f89d327da0a9,0.4615492095751683,0.3656458460839675,0.382859320331174,0.4407339407166199,0.4381668283220175,0.22814550637233716,0.2048186510548377,0.4536580296522101,-0.09590336349120082,0.02332685531749945,0.24687132883072774
0dacc5ce-498f-4c60-9f78-7a013ffaa9ce,0.46747652975207565,0.37427393558668315,0.37205979145737345,0.42972511864759066,0.42240312225763244,0.25600200589230865,0.2606320943176176,0.4585400212461318,-0.0932025941653925,-0.004630088425308931,0.2457990728460376
022f39e9-57ee-4b2b-8b3a-8929e3d69a37,0.4644580191457176,0.312812029670004,0.3312663826052817,0.39723848454405836,0.42976998752944434,0.19956484013896084,0.12937350607960646,0.4243452958292919,-0.15164598947571362,0.07019133405935438,0.20132189631962003
303286c2-bc58-4bbb-9171-74cdb1d7f62f,0.4724719684984815,0.21704658744914182,0.309661551252295,0.44184968995739077,0.4039282250242483,0.24004229529506083,0.14285198785233427,0.4671423952704263,-0.25542538104933965,0.09719030744272655,0.17379285515779386
cbdabbcd-d8f1-4d7c-9e18-ebd83d888c51,0.46086559890991813,0.36176869098621584,0.3833572937956837,0.374454394291059,0.4231744492171262,0.3672811911305249,0.2422041893280678,0.4195926285160039,-0.0990969079237023,0.12507700180245707,0.23461767146266177
75ea63a9-357b-4566-bd78-eaa67809decd,0.4540387302393792,0.30664264735883845,0.34159247583746144,0.4245707324395792,0.43686665742921804,0.25310698862118,0.18283997875313218,0.43987113759179713,-0.14739608288054074,0.07026700986804779,0.21135584351623926
2db3c23d-c591-4ea0-b0a8-ed9c4343c80e,0.4708876545918544,0.3710723235216001,0.3824710453689911,0.39785914712301246,0.43397533601219346,0.28869838043991064,0.26379603006893687,0.42493649254076027,-0.09981533107025431,0.02490235037097377,0.23586406894649903
2900eadd-7e27-4371-94e5-7d58cdff0138,0.47633459970669406,0.36455554657397676,0.4065166683987483,0.44160142492580917,0.3956168306313796,0.19138291098522964,0.19635887576355932,0.4040529305805736,-0.1117790531327173,-0.004975964778329678,0.2329301819488682
89a6384e-1cea-440b-9f17-d57cb0805174,0.46189794339426554,0.3417843574257769,0.37000438794009305,0.36833292918095634,0.450787492494573,0.3368463941776336,0.24218686851191096,0.4255900420303912,-0.12011358596848865,0.09465952566572267,0.22516028133399854
09942e9f-c178-44bc-9cd9-f5bfa350b23f,0.46774096698576195,0.31362325869641366,0.33852957818039053,0.4016841606909851,0.4495889335365572,0.16869125424355097,0.13562487731088554,0.4263521315412683,-0.1541177082893483,0.033066376932665426,0.20358800047743686
5a195baa-2d05-4273-a7c4-64cc816b0406,0.4656173858820541,0.3446135547420811,0.3598630500802531,0.413387258807635,0.42210290517758997,0.25016413345782185,0.2432607591136361,0.4236109186642649,-0.12100383113997298,0.006903374344185753,0.22082337920151499
9b2c325c-1f03-43c7-ad5c-b49c6d205635,0.4600849894340581,0.3366475359038612,0.3659700811768917,0.4257730857611344,0.42983003094545286,0.223861540644063,0.1575227191371924,0.4505935060736225,-0.12343745353019692,0.0663388215068706,0.2310420445734391
abe658e0-33f9-4f57-849b-dec4d20964d6,0.46575941985473274,0.3765700120481464,0.3837138139282456,0.4452936455699126,0.4347420442473789,0.1923792588095953,0.17866854886202238,0.41723476975659324,-0.08918940780658635,0.013710709947572924,0.23725305862608415
9dcb4e16-b582-4cd0-87cf-04f480ec2cec,0.44334807561288236,0.2876774022194764,0.2959463516587568,0.36894781815452476,0.42102443305159115,0.17366144628794453,0.14758201406450272,0.38275599279479006,-0.15567067339340596,0.026079432223441806,0.1743438903533803
1b0b0533-7c4f-4edd-a75e-8b56f49d54ab,0.46052379357729306,0.28182943212043526,0.32249194582048707,0.4028850706111939,0.41411713084845964,0.05743186399522281,0.10398263299500006,0.42359013440487736,-0.1786943614568578,-0.04655076899977725,0.1891292395895022
5b259d18-3976-4f44-967f-fe5fa8447c8b,0.46223166549267314,0.3005261922083521,0.34519231879539497,0.43207353263819126,0.41464828414391947,0.22610002408390437,0.1358471611182319,0.42621126044986374,-0.16170547328432106,0.09025286296567248,0.2032327019869792
605baa86-79e3-484d-82d2-4de27d405ba1,0.45271192507996627,0.36649652990288345,0.38103774783201116,0.36089363864158613,0.44327744676920233,0.35244319662693374,0.2770435676262399,0.47223222945822363,-0.08621539517708282,0.07539962900069386,0.255684860704384
bfb07784-693b-4c25-874e-4ad6e04a5d46,0.4718922851303133,0.3236447759930098,0.38837311347444026,0.40391132896848764,0.4386125352177728,0.15798216471411086,0.1969910855532846,0.4087132234076948,-0.1482475091373035,-0.03900892083917373,0.2162796092482772
81555ac5-9cc2-49ae-9033-657f56243f20,0.4639984295430663,0.3374789734825302,0.3552614865879147,0.4273536102354476,0.4009953350884486,0.18995107338332667,0.20875769332917635,0.4613389681769895,-0.1265194560605361,-0.018806619945849673,0.2300269995681227
300fff5a-0f61-402d-b845-3938ba7b1294,0.47712791140775296,0.2647907356297947,0.3112002170875625,0.39323737601182435,0.4298069373239111,0.1523669859158647,0.1519843881710373,0.41104567918340956,-0.21233717577795824,0.0003825977448274065,0.16996957349767128
e4be17c8-0855-432c-bb80-28bb24b62f32,0.4717433226711625,0.3079128992151383,0.33746001778270457,0.4146877634207457,0.4547295736917463,0.22583444130290622,0.15684432050438216,0.47008452265484274,-0.16383042345602417,0.06899012079852407,0.21457137232717438
b16bb717-d1cf-4237-a554-43f3995b82f2,0.46804928463377177,0.33414456235974305,0.36389158323806886,0.426317248068729,0.43910211999445753,0.34754888537711104,0.2556812276994492,0.48063599833725923,-0.13390472227402872,0.09186765767766186,0.23687428643376643
490eabca-4575-4bd6-9604-6b6e23d069ce,0.4692236630907978,0.2960370066707469,0.34669345619565595,0.40669565016570247,0.4393723153664958,0.13466531620846764,0.11443430214431705,0.46123504688005174,-0.17318665642005093,0.020231014064150593,0.21158061555188556
68801d41-535f-4b38-989b-ef4fe5f00039,0.48324576496264393,0.34222413401542007,0.3701328506599231,0.4062510825510098,0.43612997090203687,0.23592658698083516,0.18818200713617625,0.4884416424183641,-0.14102163094722386,0.04774457984465891,0.2391842873770211
c82bbe23-0264-45a7-b1a6-82b4654108c8,0.46865552720008313,0.33304656435365354,0.36724316116442074,0.3929227145183081,0.4397649069327052,0.2533890672270848,0.20806919088694126,0.45320539466999216,-0.1356089628464296,0.04531987634014356,0.2282798643293278
d2c99bed-3446-4d12-99e0-00611faa37dc,0.4582270003117819,0.33706902856526977,0.3341127700603919,0.4034624311497558,0.40804350838298464,0.21404487524207624,0.11807311693860348,0.44068172370791187,-0.1211579717465121,0.09597175830347277,0.21787884067393057
1add38c2-df6f-47c9-9373-0bec0e40baf8,0.4603101652444024,0.32936475859440856,0.36304575004907563,0.40668843315897046,0.4186850491894139,0.2450702227266279,0.23276867472661977,0.45705741074315276,-0.13094540664999382,0.012301548000008128,0.22971925138074487
ec3f3f11-75df-4fcc-ba03-f19aca907645,0.4772098984976732,0.4005922068123992,0.4072831145136892,0.4209997575085738,0.4173756408479978,0.28945388922063825,0.2955984919342733,0.4622026696226502,-0.07661769168527399,-0.006144602713635039,0.26428936415035514
