patient_id,trajectory_position,emt_index,ews_ac1,ews_variance,ews_skewness,ews_kurtosis,ews_cv,spatial_synchrony,ews_ac1_slope,ews_var_slope,ews_skew_slope,ews_anomaly
5f6ed48b-3b5a-4d20-8fbf-c9aa3feea186,0.0,-0.2625111553735625,,,,,,,,,,
303286c2-bc58-4bbb-9171-74cdb1d7f62f,0.002688172043010753,-0.2554253810493396,,,,,,,,,,
d4da3298-3a02-44a6-bdcd-d260f38e520b,0.005376344086021506,-0.2490663815184747,,,,,,,,,,
a435fdf4-a89a-499e-9006-cbb5693eab26,0.008064516129032258,-0.2481584360088358,,,,,,,,,,
5da56982-6de7-4994-aa9e-3b01200b2959,0.010752688172043012,-0.2432121282472912,,,,,,,,,,
85bdc1ac-a1a4-46c2-bc2d-e5fabf5c89e9,0.013440860215053765,-0.2370025930237528,,,,,,,,,,
fa96d094-0165-401c-8fd5-6d1ee4ef3994,0.016129032258064516,-0.2365800499077565,,,,,,,,,,
92554413-9ebc-4354-8e1b-9682f3a031d9,0.01881720430107527,-0.2196502623076437,,,,,,,,,,
f1e6ce83-b4a0-4643-8e8e-a1ef8a158a27,0.021505376344086023,-0.2159914693458025,,,,,,,,,,
a5e14add-1552-4606-9ffe-3a03bcf76640,0.024193548387096777,-0.2133457481075032,0.021266102133454815,0.0002876786685134972,0.2400102726465125,-1.208935268204067,0.07123685227865896,-0.09313825049223287,,,,2.716456009317144
84959e50-17f5-4f2b-8e0c-5ebb139d2c3a,0.02688172043010753,-0.2129037664333171,0.02925699955898413,0.00026460054103529256,0.10556630095403988,-1.566023727276095,0.06977349115541012,-0.10475320315729302,0.09697802314473074,-2.5432937311451812e-05,-0.19069847971434997,2.2499572541258392
300fff5a-0f61-402d-b845-3938ba7b1294,0.02956989247311828,-0.2123371757779582,0.2152221484229163,0.00023681279389059357,-0.14138668678218744,-1.7049111505352166,0.06725111471133013,-0.11584746586926255,0.19809396401062115,-2.776037043023715e-05,-0.297447062157658,1.4041672058368608
56c8b812-ca8e-4eb2-b0fe-f264316789bf,0.03225806451612903,-0.211459547473834,0.42544492758022645,0.00020907980017481826,-0.48932782336127606,-1.4758445934000184,0.06424654506581805,-0.10376144667979322,0.1274554559111175,-3.428930334563935e-05,-0.2958483702259995,1.3799444017788298
84e34cf2-b3bb-4a1a-8fb7-6c2c604c4008,0.03494623655913979,-0.2066867691540269,0.4701330602451513,0.00016823418719931488,-0.7330834272341865,-1.0953446222634342,0.058712163827466406,-0.06203857345935775,-0.002516784364499619,-4.3564880781115074e-05,-0.2802044209240555,0.8960936718777175
ca5b878f-8bff-410a-8e6e-b1c133018c8d,0.03763440860215054,-0.2061583709165885,0.4204113588512272,0.00012195003861258811,-1.0497366652093871,-0.3136171141979105,0.05084028844873864,0.027378958959499277,-0.19734342746215275,-4.323820464893405e-05,-0.42941271922161,0.8134952047000541
132229e5-947d-43e9-a54c-a97d4be7d604,0.040322580645161296,-0.2059771783313477,0.0754462053208458,8.175777790144677e-05,-1.5919088656774065,1.9386077981018541,0.04223082328320981,0.06996406615866084,-0.24756255997736215,-4.7666750596596556e-05,0.458536124216685,0.5778934300687586
c8d6fe73-3504-42a5-9723-e1916fba8208,0.043010752688172046,-0.2031282446922988,-0.07471376110349708,2.6616537419394994e-05,-0.13266441677601717,-0.9602334115381672,0.02447820956285553,0.05990248486220625,-0.08966109684895802,-2.937258686140578e-05,0.8371755846163479,1.2824139563939168
10881458-55b2-41d1-8358-4ee6ccb8ec85,0.0456989247311828,-0.2019373192958332,-0.10387598837707025,2.301260417863521e-05,0.08244230355528931,-1.3703253883993258,0.022953666120115998,0.055761305740199434,-0.014453188641440642,-1.9580018224396742e-06,0.08037846374986532,1.0258782099620438
e7dbfca1-9657-4952-8e0d-dec6373dda5b,0.048387096774193554,-0.2006416406023437,-0.10362013838637836,2.2700533774515645e-05,0.02809251072371345,-1.4783477599153554,0.022966178463686395,0.048591231125385735,-0.10316377309758071,2.7252419001683704e-06,0.008298361451264911,0.7316194617400136
65ab030d-39f2-48ab-80ac-90cb1faa823a,0.051075268817204304,-0.1967819219328527,-0.31020353457223165,2.8463087978971952e-05,0.09903902645781913,-1.0196438113883544,0.025923469094948918,0.031594535727076566,0.016391147621551604,4.941476788815608e-06,0.03498890510174895,0.7453095909467284
b718134c-5231-4f29-a423-7bad17c93fc5,0.05376344086021506,-0.1948393260126389,-0.07083784314327515,3.258348735214686e-05,0.09807032092721135,-0.9166399342847864,0.027982067040853,0.03712933719531196,0.08173391635109192,1.5046875055614355e-06,-0.038128854705633014,0.10468838056197496
d976782c-90c1-421d-b83c-7fc2617e2709,0.05645161290322581,-0.194418487184231,-0.1467357018700478,3.147246299009482e-05,0.022781317046553097,-1.0461277930888409,0.027744571869793486,0.06893614961833287,0.14853291182062872,-3.116847294361448e-06,-0.0009988637126560201,0.3292802294325675
c48e2ce0-3806-4675-92f3-d38ff67c5efa,0.05913978494623656,-0.1937880004136215,0.22622798049798226,2.6349792763423966e-05,0.09607259350189931,-1.5734077617287436,0.025610229410839083,0.05536138293955658,0.13452183154189254,-1.5361399661132897e-06,-0.05896989777589483,0.3020509246393895
73a142e1-8ac2-4cfe-b8cf-7e9dea64f488,0.06182795698924732,-0.1914498861377034,0.12230796121373728,2.8400183057868244e-05,-0.09515847850523657,-1.4462414256251546,0.02679165262418438,0.0405679982875453,0.010280072248914501,1.0578298116811543e-06,-0.17181038847404995,0.10685002707223973
8368d745-c74d-4236-ba75-16ca7aaeb3ca,0.06451612903225806,-0.1900149769010386,0.24678812499581126,2.8465452386786275e-05,-0.24754818344620055,-1.2236460656411146,0.027041889056138586,0.00197546934102871,0.07915002135429883,-2.6130726222518708e-06,-0.11993501004196097,0.27160174782482815
eb191e71-4b6e-4c8d-8348-519be5a1e657,0.06720430107526883,-0.1900016432451879,0.2806080039223349,2.3174037813364502e-05,-0.3350284985891585,-1.253426688413973,0.024598561401762264,-0.03494535608126087,0.06976290349364722,-4.652471102273261e-06,-0.15974027533345692,0.1849854900766735
7570761b-c333-40df-ac8c-9b7f94c58ef9,0.06989247311827958,-0.1895848030449368,0.3863139319831057,1.9160510182239753e-05,-0.5670287341131144,-0.9083648480353816,0.022523110823950632,-0.057136127839223845,-0.031019563717692877,-4.488062652374967e-06,-0.190721588114053,0.2834114061458604
da21e143-dbf6-4ac7-8872-f1d9ae39512d,0.07258064516129033,-0.1888629448737679,0.21856887648694917,1.4197912508614568e-05,-0.7164716748172645,-0.44365859943453767,0.01951949698244946,-0.03927878194859304,-0.03610932105737624,-5.174000699117254e-06,0.10172224679592048,0.1628649668544089
65056295-8fcd-4f82-a3c9-a5acd79521fe,0.07526881720430108,-0.1880083276646467,0.3140952898683532,8.812508784005245e-06,-0.3635842405212734,-1.255146641040802,0.015479528144522582,-0.022537467975839102,0.01680071270882111,-2.8146856218495645e-06,0.3209948123597081,0.1096254603135651
3aae5316-6a5d-4b83-9020-ad691d4edf99,0.07795698924731183,-0.1858792682176295,0.2521703019045914,8.56854126491544e-06,-0.07448205009784825,-1.0110457585987482,0.01535102741337364,-0.027462768938076514,0.03713143121435156,4.6833698315515466e-07,0.20453214733283667,0.2520187277439081
f87c6dcc-1a9e-4df5-962c-1f946e2611f8,0.08064516129032259,-0.1844685410454141,0.38835815229705634,9.749182750315555e-06,0.04548005414439993,-0.7252833276149544,0.01646404534004952,-0.04785909002921921,0.07342601590505207,6.224529526247689e-07,0.09485993238975302,0.07918089627978095
4be66108-e72a-406b-bb4b-f58ff2877336,0.08333333333333334,-0.1837564369569894,0.39902233371469553,9.813447170164977e-06,0.11523781468165777,-0.829096901312433,0.016611610829227783,-0.08101093925836797,0.08930328730504114,-6.147931213636774e-08,0.17010801683282784,0.045667199802913394
0cb0dac8-4ce2-444a-b1ae-1550e065b4d9,0.08602150537634409,-0.1823821072700459,0.5669647269071386,9.626224126042819e-06,0.3856960878100556,-1.2763509420028634,0.01655250160450729,-0.07120431406667733,0.02747644456666043,1.3877820827860606e-07,0.043279800853247445,0.3163510450574615
3334201d-a3c0-45ec-a9ed-cf48cc8c38e8,0.08870967741935484,-0.1820467332428731,0.4539752228480164,1.009100358672219e-05,0.20179741638815266,-1.5636741182184344,0.01703283728399276,-0.06117848414000383,-0.09068403621235635,4.4253105120760913e-07,-0.24861619976972113,0.11086276890641668
c0b8c55c-b993-481d-aeea-9ebfa64ee20e,0.0913978494623656,-0.181699763897675,0.3855966544824259,1.0511286228458037e-05,-0.11153631172938666,-1.5763916747976678,0.017461775471197684,0.042213669549669645,0.008216017214052629,2.5918051406055717e-07,-0.23966410308620467,0.026101651301319546
6cd8d2dd-5545-43b0-b796-ae0506d62eb8,0.09408602150537636,-0.1802728610871742,0.47040725727612165,1.0609364614843304e-05,-0.27753078978425666,-1.3141257837403402,0.017635459398296777,0.018907319691239825,0.02843839838298004,-5.895589754485592e-07,-0.1786710581636421,0.19857834136866542
14cc6f5b-5692-471e-98b4-ae200b3d8fed,0.09677419354838711,-0.1800624555055318,0.442473451248386,9.332168277560919e-06,-0.46887842805667085,-1.0203768305506893,0.01662563518686475,0.03810259244875978,-0.09362673718397962,-1.6737213923304456e-06,-0.16897986980655863,0.224350099584232
7a6c54f1-f4e4-426b-b306-2ca3c4de12ca,0.09946236559139786,-0.1797621962891389,0.2831537829081624,7.2619218301824124e-06,-0.6154905293973739,-0.6498242510895955,0.014739037879068986,0.05776840317897928,-0.12829630220822086,-2.2509265097213797e-06,0.011596171164553915,0.016868941560052534
563d67a1-f1ba-4722-aa2d-9b35b1689468,0.10215053763440861,-0.1793026620256234,0.1858808468319443,4.83031525811816e-06,-0.445686085727563,-0.9907433589128685,0.012078247587689807,0.028787555685697602,-0.06344582017722522,-1.7608643805307611e-06,0.13221551594410366,0.1048920059080213
1b0b0533-7c4f-4edd-a75e-8b56f49d54ab,0.10483870967741936,-0.1786943614568578,0.15626214255371196,3.74019306912089e-06,-0.3510594975091666,-1.1101198451497214,0.010670417854910455,0.010250798029205985,-0.1374487356798817,-9.286966990587243e-07,0.0058949844093484915,0.08357739236200269
d4e1472a-7b5f-46f4-acb7-b961f634e28e,0.10752688172043012,-0.1786156181870616,-0.08901662452781905,2.972921860000711e-06,-0.43389611690886604,-1.013446243607602,0.00954401023002359,0.09212621325834044,-0.04699411850554133,-6.873129303047951e-07,0.048349086065718444,0.47303598672783415
81a7184e-f9f5-4e3f-9603-5f5642386c1e,0.11021505376344087,-0.177913945765761,0.062273905542629286,2.3655672085113e-06,-0.2543613253777297,-1.2184267367345636,0.00854109534431368,0.06477384027069932,0.032306987161157485,-2.3034651045718655e-08,0.2977865802576998,0.14321672489711812
a06c09a8-0951-49f4-a765-5147bbcae109,0.11290322580645162,-0.1763285968883921,-0.02440265020550409,2.926852557909274e-06,0.16167704360653345,-0.49971688741082065,0.009532542598594053,0.04870737399863606,-0.029046332693016732,2.7836562188359054e-07,0.221389787188882,0.16761898058267358
21ddbfaa-1b21-4a2b-be2c-237dd69b20ff,0.11559139784946237,-0.1763284444412964,0.0041812401565958215,2.922298452278481e-06,0.1884182490000343,-0.748468832248542,0.009555569571488117,0.056593260837683526,0.09980318731678675,-1.574433903247622e-07,0.08531025216650628,0.03680082690291814
cc15469c-7bad-4e86-9da3-ae0c72e9d380,0.11827956989247312,-0.1760202281372462,0.17520372442806942,2.6119657772597494e-06,0.332297547939546,-1.389871555382324,0.009062729092231488,-0.060816145056281815,0.04852067458581375,-1.1623456680918823e-07,-0.06328207094963156,0.3307445793602807
f6c674bf-396d-4bfe-8d08-e7266c314be3,0.12096774193548387,-0.1757823025122687,0.10122258932822333,2.6898293186601045e-06,0.061854107100771175,-1.583895922226793,0.009220035668776914,0.05486119675883794,-0.1813256397388725,3.5681868427446655e-07,-0.07177653823240547,0.24068025356739653
835c3e23-ac2b-4bc9-ac65-e3e81adecf77,0.12365591397849464,-0.174141235814945,-0.1874475550496756,3.3256031458086825e-06,0.18874447147473508,-1.1176293163222224,0.010286165812292998,0.0872841471872944,-0.12702110753821694,4.1001263297129985e-07,0.014518378567135302,0.23957398854166548
d7ba64d7-b4e5-488d-9f28-bcb7bf3c0f35,0.12634408602150538,-0.1739491517343657,-0.15281962574821056,3.5098545846027042e-06,0.09089086423504178,-1.2103663835512688,0.010602034155441807,0.051534914529675305,0.013473607937834198,1.2093581727258853e-08,-0.13930812260524514,0.19993547436881315
a117ace8-ac5a-48d8-8aee-3024d6f0f873,0.12903225806451613,-0.1738283718191262,-0.16050033917400722,3.3497903092632002e-06,-0.0898717737357552,-1.2709623775309358,0.010389650846047906,-0.011999202691553629,0.038565087769233966,-1.1409944411954726e-07,-0.1696591661524825,0.2689172143306409
490eabca-4575-4bd6-9604-6b6e23d069ce,0.1317204301075269,-0.1731866564200509,-0.07568945020974263,3.2816556963636097e-06,-0.24842746806992325,-1.0832468166201472,0.010315697812927458,0.009231297645203604,-0.05402734724215462,-3.635800441755745e-07,-0.10374208753791302,0.16336156106969998
f3b9defb-88ed-4c95-9feb-7197d869676c,0.13440860215053765,-0.1731384870804655,-0.26855503365831646,2.6226302209120512e-06,-0.2973559488115812,-1.1503295035560734,0.00925075725111568,0.01038684326841329,0.1186321420053886,-6.776517606062893e-07,0.0039663945028565045,0.4076705890918428
1ad0b9b9-7ded-4281-b114-9dcc6138c037,0.1370967741935484,-0.1729896921210997,0.16157483380103457,1.926352175151031e-06,-0.24049467906421024,-1.6590104235534224,0.007950600502831029,-0.005655299963927562,0.284286592343581,-3.8420499171662985e-07,-0.12207823411784369,0.3862456720269042
4a785dc7-f5f6-4607-a19d-e6354b2fb5a9,0.13978494623655915,-0.1726132302212986,0.3000181510288456,1.8542202374787915e-06,-0.5415124170472686,-1.2510976810624796,0.007816962747947543,0.009135352864392305,0.039595721795344166,-1.0008710776312399e-07,-0.16843417871147595,0.6185724217775709
c83d38fc-e011-4f75-a100-96513611f3e9,0.1424731182795699,-0.171881572495951,0.2407662773917229,1.7261779596247832e-06,-0.5773630364871621,-0.5993972484315702,0.0075615397530375324,0.06899795490276199,-0.3018076557160732,-2.4383235192663185e-07,-0.048179524453378586,0.5028190431892443
ef4bb5bf-4535-4bd1-8a74-aba920123ee2,0.14516129032258066,-0.1718430772307206,-0.3035971604033008,1.3665555336255278e-06,-0.6378714659540258,0.053364695887425206,0.006744137735468029,0.16084447890732662,-0.18159851734526966,-4.480983403311713e-07,0.3529347756798019,0.5084789245552037
6f2b5a14-569c-4084-8c67-b1a44d787897,0.1478494623655914,-0.1716400648509438,-0.12243075729881643,8.299812789624406e-07,0.12850651487244172,-1.3442837670130061,0.00526848833927806,0.10770619733866768,0.074763971474907,-2.5468961376571835e-07,0.3137908549174486,0.25912991409160113
d71ae66e-2c8a-4fd8-8b4b-a5a2d456a21d,0.15053763440860216,-0.1713330991713585,-0.1540692174534868,8.571763060940911e-07,-0.010289756119128574,-1.361948213851481,0.00536281475353795,0.11581835518364078,0.01558104843647621,-1.3806731489155005e-08,-0.15884453549287728,0.3746666859073443
eed7405f-f8f3-41a4-a0e7-242f23087f59,0.1532258064516129,-0.171243232248548,-0.09126866042586401,8.023678159841306e-07,-0.18918255611331283,-1.34028990135169,0.005196676742227297,0.14338583591979465,0.16873484232338204,-7.8783865844869e-08,-0.07935490266374363,0.18127705401062405
a6f98ee5-9638-4ebe-804b-fba54aea9f90,0.15591397849462366,-0.1709431426188257,0.1834004671932773,6.996085744043531e-07,-0.16899956144661585,-1.4788602897345868,0.004860646884174847,0.13678555460075237,0.18485793090860478,-5.50019321308241e-08,-0.09512866718202621,0.3690477111126959
143f2dd6-a280-41c5-9242-442ef91b73ec,0.15860215053763443,-0.1707599974532956,0.27844720139134554,6.923639517224824e-07,-0.37943989047736526,-1.1559964774382874,0.004842243228379403,0.09826457079118643,-0.04283248516571155,1.3101515609512701e-08,-0.0011000002878058524,0.5082226490560386
2a971e32-b0e7-4a3f-8c40-62d69c0307d8,0.16129032258064518,-0.1701382749371994,0.09773549686185419,7.258116056233785e-07,-0.17119956202222755,-0.6241429025896177,0.004966497817295797,0.06999711864547786,-0.2976076744391609,-3.0540879465246207e-08,0.1898156136072623,0.054334803750932886
fd16b634-2e04-44a3-862d-fb03cd73c057,0.16397849462365593,-0.1700910185866769,-0.31676814748697624,6.3128219279199e-07,0.00019133673715929648,-0.7825410765022949,0.00463964294587261,0.0942187423190536,-0.09079358826101405,2.0525449904922456e-08,0.4191912324637702,0.7557855692413795
96ac1f4b-79b0-4517-8caf-fc05abcaaf4f,0.16666666666666669,-0.1691853536206041,-0.0838516796601739,7.668625054332234e-07,0.6671829029053129,-0.5719235633241628,0.005123912901229393,0.025357530185953568,0.3526343346512356,3.8627376585114246e-07,0.4557740051622086,0.42691924143770926
6e9e0c2f-2ddb-40f1-8e8c-618119e62ec1,0.16935483870967744,-0.1680506674476527,0.388500521815495,1.403829724494275e-06,0.9117393470615766,-0.12226622747386173,0.006948239503806575,0.08179301260434384,0.2926091446221094,5.220580020809666e-07,-0.004740846178047875,0.3209101524453383
35620be9-3ba5-4be7-9e00-83103e6a92e6,0.17204301075268819,-0.1678813949589357,0.5013666095840449,1.8109785095951567e-06,0.6577012105492172,-0.9561560141062633,0.007910143512490907,0.05233479788258861,-0.02266713175301696,2.838165938519039e-07,-0.2823316431375088,0.4644213736308344
01ad5016-f691-4bca-82a0-910429d8d25b,0.17473118279569894,-0.1678530848883195,0.34316625830946107,1.9714629121980827e-06,0.34707606078655895,-1.4795137646311223,0.008271605769338575,0.07086153895451615,-0.10856750898054676,1.3662648277371443e-07,-0.3040246927644727,0.14199332136176612
3e1886a8-2ed2-41ee-8b58-10f5321ade6f,0.1774193548387097,-0.1675151307017207,0.28423159162295136,2.0842314751425855e-06,0.049651825020271795,-1.6403544883298704,0.008524058305293496,0.10158791758129879,0.015240546340031719,-2.4247932287107043e-08,-0.29620804089095576,0.04572947771592916
ac13d568-f79e-4ba7-b7bf-18e4354e0920,0.18010752688172044,-0.1675030620407306,0.3736473509895245,1.9229670476238686e-06,-0.24534002099535251,-1.6275077966298228,0.008205772751610805,0.0083317291272389,0.11392245618877864,-1.996128493284316e-07,-0.2975670537144289,0.054819319520221094
326c1637-ea91-4006-b440-d38420af1ae5,0.1827956989247312,-0.1672522453551987,0.5120765040005086,1.6850057764857223e-06,-0.545482282408586,-1.3371559557736914,0.007698104923664046,0.12296003456537655,0.09299877684364038,-3.132121137062994e-07,-0.27692031022029073,0.17240851566213658
05ff79c5-1127-4cac-8f4c-84089a3f2cde,0.18548387096774194,-0.1670614884715577,0.5596449046768053,1.2965428202112698e-06,-0.799180641435934,-0.9089671176241079,0.006767529717034434,0.09578475461714053,-0.010151673314531873,-3.1606080013979255e-07,-0.24664966729804066,0.21866550102325874
f4a804d3-b5c4-4da5-800f-6e5757ecfa1c,0.18817204301075272,-0.1666470810819495,0.4917731573714449,1.0528841762061372e-06,-1.0387816170046673,0.20742287021757777,0.006111236916462788,0.09263563033871255,-0.23726098735160794,-1.1318000831146517e-07,0.6865425476321949,0.12935850937109877
6fa41234-9077-4d05-a295-6820f3bedf5b,0.19086021505376347,-0.1651957569352444,0.08512292997358939,1.0701828035883395e-06,0.5739044538284557,0.7383653904415945,0.006179251121584178,0.06882857410828921,0.053118443813497396,2.3022169091059467e-07,1.1231040771147462,0.5993080510115646
6454ff0c-26f8-4cc2-b77c-7e5abdc20acd,0.19354838709677422,-0.1643363029478616,0.5980100449984397,1.5133275580273265e-06,1.2074265372248254,0.10711178644897235,0.007369415810507652,0.09806336129235371,0.26660680064612396,4.835941824621986e-07,0.09975645174445125,0.3623953713643671
b4c3cf95-a27c-4bcf-9321-38723473e83b,0.19623655913978497,-0.1641989196161496,0.6183365312658373,2.0373711685127368e-06,0.7734173573173582,-1.0509276628795534,0.00857047558313411,0.0913230863124889,-0.11332315981652324,1.0349822407675683e-06,-0.19689143683151233,0.455890793204324
1136dd50-242a-4659-aad4-c53f9e759bb3,0.19892473118279572,-0.1621928131188877,0.3713637253653932,3.5832920395624634e-06,0.8136436635618007,-0.5957533456287973,0.011405041900167782,0.09658494557700986,-0.14888386341659487,1.2810950755679808e-06,-0.1293144108783646,0.05801426386355478
77a44132-af22-4115-9fa2-78f2f74bf687,0.20161290322580647,-0.1619571831212802,0.32056880443264757,4.5995613196486984e-06,0.514788535560629,-1.1993326843497107,0.012967595867658752,0.1361817615896063,-0.1665634378294381,8.213484250461877e-07,-0.314027160376141,0.031095348428511478
5b259d18-3976-4f44-967f-fe5fa8447c8b,0.20430107526881722,-0.161705473284321,0.03823684970651695,5.225988889654839e-06,0.1855893428095188,-1.5031190003634498,0.013871191631233133,0.1166738247588027,-0.14885773497283397,3.0683518736697366e-07,-0.3188297572863113,0.5257050694789608
c6f6c032-5d4e-4028-aed0-24a587620354,0.20698924731182797,-0.1615287946279345,0.022853334486979616,5.213231694382646e-06,-0.1228709790119936,-1.5397852380509283,0.013904655852958976,0.15759777849123294,0.14106391324458914,-2.865814823220113e-07,-0.3154747058250637,0.616246486236496
e3b6018c-ab2c-47c5-b183-a295d0110835,0.20967741935483872,-0.1614526668701602,0.32036467619569525,4.652825925010816e-06,-0.4453600688406086,-1.311893229517382,0.013182619427098757,0.08496240325593479,0.19152366576688218,-8.314858735205192e-07,-0.31108153330409755,0.0376611827296148
e5921d6b-51cf-44be-b295-610cf7c3a69a,0.21236559139784947,-0.1613668944522262,0.405900666020744,3.5502599473416073e-06,-0.7450340456201887,-0.876352027541905,0.0115554659710976,0.12651790034697313,0.07533065516960538,-1.2494879136850332e-06,-0.21132869358185055,0.17837977348591935
93ca8937-97c0-4f6e-bdec-66d32f2a7b3d,0.21505376344086025,-0.161267546244164,0.471025986534906,2.15385009764075e-06,-0.8680174560043097,-0.9478877971275819,0.009030260840636253,0.11421173888295846,0.024967416736841802,-1.0826250565840261e-06,-0.2560181414203937,0.3314454462603816
5342e2e8-1465-4f7b-9450-ef27280f80c7,0.217741935483871,-0.1611509711587022,0.4558354994944276,1.385009834173555e-06,-1.257070328460976,-0.09197406924902429,0.0072594079243981915,0.12329649706266588,-0.19906561868805597,-6.62413969896446e-07,-0.5821694616009462,0.34566023060428885
acd51808-870c-4684-a2de-aa0b058729e1,0.22043010752688175,-0.1611426937396793,0.07289474915879407,8.29022157847858e-07,-2.032356379206202,3.0769901102401516,0.005627483453195699,0.07609078082668365,0.06630404894295028,-6.265092804112002e-07,0.23697028382779128,0.37550351737838994
b107565b-7558-4745-952b-689178367e1c,0.2231182795698925,-0.161134775071606,0.5884435973803281,1.319912733511544e-07,-0.7831297608053935,-0.5894511976453858,0.0022497125209149636,0.035266470905385386,0.04341409570653021,-3.6272330702153125e-07,0.8351382400666285,0.5635755443414947
ffa7e03a-4a3c-41f0-937a-4fb862fd2194,0.22580645161290325,-0.1608412000182894,0.1597229405718545,1.0357554380479546e-07,-0.3620798990729451,-0.42763984725962656,0.0019945579932295946,0.016415786726080815,-0.2375761496097302,-2.0171196709942384e-08,0.4997973106054158,0.23829841843361355
0712566e-3371-4715-95f1-5b792e72d758,0.228494623655914,-0.1607145793217379,0.11329129816086776,9.164887993126962e-08,0.21646486040543814,-0.7128344597386023,0.0018776568234733562,0.04757262720195575,0.018421672628955055,-6.782392670769249e-09,0.3427482644336257,0.35765679503856707
86d18004-9478-4e46-83b4-4fbe445ccb70,0.23118279569892475,-0.160665866396267,0.1965662858297646,9.001075846325696e-08,0.32341662979430635,-1.1453389519122026,0.001862001261673438,0.04717895518204766,-0.07812403996528944,7.318363466630513e-08,0.5860528643658547,0.24111649811926653
a512701f-88bb-4b05-8c94-fd285b9dd13e,0.2338709677419355,-0.1597858550200484,-0.0429567817697111,2.3801614926387987e-07,1.3885705891371476,1.2874205486914603,0.003031140115231691,0.030386670602041126,0.14113599044930816,3.16182518396282e-07,0.6339197540905713,0.6739869131177185
568dbda7-88b5-4330-881f-dc5d6c7ce4ae,0.23655913978494625,-0.1586267562807011,0.4788382667283809,7.223757952558209e-07,1.591256137975449,1.3875248674723855,0.005289901346686748,0.006818924464127188,0.34483152036315484,4.843024590001075e-07,-0.15258380497950252,0.18392254475317066
e3b0ee77-c419-4b2b-833f-90a221415489,0.239247311827957,-0.1582593266390698,0.6467062589565986,1.2066210672640948e-06,1.0834029791781425,-0.41891445542822714,0.006850026143668861,-0.03662273605869141,0.07895333604522181,5.019924514951935e-07,-0.44158937970686674,0.49392134890935735
f9b5e6a5-c2da-4a0d-9251-bb6f557b7b58,0.24193548387096775,-0.157764696664555,0.6367449388188245,1.726360698246208e-06,0.7080773785617156,-1.167007182623054,0.008211495313567635,-0.07649000913184964,-0.04521176760080603,5.027312403620795e-07,-0.34738338574309263,0.4159012323149441
eb4e4e09-98b3-4e85-8dd2-75676ff2af14,0.24462365591397853,-0.1573384939048344,0.5562827237549866,2.2120835479882538e-06,0.3886362076919573,-1.5074246324385527,0.00931736817237528,-0.039366926747022433,-0.11304477000985277,3.3049225958935497e-07,-0.3301105400624706,0.20664229580897248
58facedb-fcb8-4ecf-8338-2bfa4947acef,0.24731182795698928,-0.1573172777180327,0.410655398799119,2.387345217424918e-06,0.04785629843677445,-1.679028679167247,0.009702689345666867,-0.028695935261008738,-0.03899122196192484,2.2154171306893867e-08,-0.33572631155546,0.05646562166955366
f89bbd17-c732-4847-b71c-a8627a702747,0.25,-0.1572742230680708,0.4783002798311369,2.2563918906020415e-06,-0.28281641541896274,-1.604145247360061,0.00945574849544537,-0.007302196885477043,0.06190393235904859,-7.97483412901204e-08,-0.2743169341671028,0.044917711469921774
35c9264f-34ec-4d75-ab80-aaac86108fc8,0.25268817204301075,-0.1565017034937941,0.5344632635172162,2.227848534844677e-06,-0.5007775698974312,-1.1428951987329985,0.009421486921174197,0.008037716415115567,0.029061900960748788,-9.386649225710358e-08,-0.1515402110567684,0.18375318967466284
4beee9d4-ee52-4fed-bcc4-d300f5ddd4d0,0.2553763440860215,-0.1559612555462414,0.5364240817526345,2.0686589060878344e-06,-0.5858968375324995,-0.5027327153678698,0.009105966812512726,-0.02864957206898952,-0.19956026415502592,-3.495090951129231e-07,0.08314964883465073,0.2214916132320058
0a815133-0edd-4422-89f2-2f067b6f2156,0.25806451612903225,-0.1557213755296737,0.1353427352071643,1.5288303446188309e-06,-0.3344782722281297,-0.5351202746526438,0.00785277085657561,0.007168128818356495,-0.1914719648896428,-4.888999680448096e-07,0.2995124401739351,0.47108676024525786
9dcb4e16-b582-4cd0-87cf-04f480ec2cec,0.26075268817204306,-0.1556706733934059,0.15348015197334886,1.0908589699982151e-06,0.013128042815370555,-1.2548850113662604,0.006650650435451445,0.09107668500186324,0.05114508358483702,-2.9722456068371757e-07,0.10812046310463459,0.45582922977585705
10994156-7c2f-420e-aeb8-11d566b3d5e4,0.2634408602150538,-0.1556308960648585,0.23763290237683835,9.343812232513957e-07,-0.11823734601886052,-1.4438699490388147,0.006166960225494077,0.12443524006661136,0.1431675819009452,-1.7227829411887468e-07,-0.1409741204361621,0.32925643718987746
124b6856-f581-46da-9068-b0a49b999785,0.26612903225806456,-0.155598854656334,0.43981531577523925,7.463023817604658e-07,-0.2688201980569536,-1.6426067936954638,0.005520828798712378,0.0842508947490247,0.16846400122966954,-1.5301429458752358e-07,-0.2053019716017408,0.07496486016187537
b3fea9bb-53f9-4ddb-922d-b570562d7a7d,0.2688172043010753,-0.1554051266789429,0.5745609048361774,6.283526340763486e-07,-0.5288412892223421,-1.464847181514375,0.005073456765187752,0.13599316927270413,0.09370476623474339,-9.236071269340214e-08,-0.3060410168785649,0.31499598384850797
f2ef5afa-6191-43a1-a023-d53c0d985139,0.27150537634408606,-0.1552164752538431,0.627224848244726,5.615809563736615e-07,-0.8809022318140833,-0.7017658226363919,0.004802846125203695,0.15567787348592205,-0.023602124990214524,-1.036612238190401e-07,-0.34395747959545037,0.38434493105919254
e588714a-7753-4c3c-abb6-eaf1aab53ab3,0.2741935483870968,-0.1550861350406227,0.5273566548557483,4.210301864382684e-07,-1.2167562484132428,0.685926681579113,0.004164573835970084,0.1437672808691533,-0.2009480876655324,-1.6307488693347963e-07,0.30876759349667743,0.12958686408822012
15b987ba-77ab-477b-a54a-65ec5c7c399e,0.27688172043010756,-0.1547475599111383,0.2253286729136612,2.3543118250670221e-07,-0.2633670448207285,-0.06100786103577294,0.0031192543772163316,0.11865163605473228,-0.016254613000706714,-5.966199376401707e-08,1.1312884316264715,0.3845131289937745
09942e9f-c178-44bc-9cd9-f5bfa350b23f,0.2795698924731183,-0.1541177082893483,0.4948474288543349,3.0170619891023425e-07,1.0458206148397005,0.2540447637239023,0.0035365273498402035,0.17286928934989199,0.2156979074640431,1.3814950134035027e-07,0.6456421979325175,0.07652829648973959
381cf7f3-cd7b-4660-8175-ff8062f7bf78,0.28225806451612906,-0.1536268063190589,0.6567244878417474,5.117301851874028e-07,1.0279173510443065,-0.25430656584756406,0.00461273678406956,0.18635336360620347,0.055906993420645285,1.7610252506142116e-07,-0.21476446208655797,0.3774711514872299
dc22eba5-6fb7-4875-b30a-99fa00758301,0.2849462365591398,-0.1536232435632714,0.6066614156956255,6.539112490330766e-07,0.6162916906665845,-1.187338461677754,0.0052213826505917126,0.22256987158372293,-0.3069304669596668,3.7146773026120723e-07,-0.07183776754095095,0.3766925219029132
35c295c2-37d1-44b2-87a3-1039645e5bae,0.28763440860215056,-0.1521770451584597,0.042863553922413825,1.2546656457098172e-06,0.8842418159624046,-0.2236029371100252,0.007248880060648687,0.17469527488376504,-0.12965064753822828,6.038043657041606e-07,0.0405249482220873,0.4886632305396731
022f39e9-57ee-4b2b-8b3a-8929e3d69a37,0.2903225806451613,-0.1516459894757136,0.34736012061916893,1.861519980441398e-06,0.6973415871107591,-0.7880314614880319,0.008852423573361582,0.13683279131518913,0.14039825927529742,5.770748862667731e-07,-0.1957577671035361,0.144411605648672
8c0894fb-5e78-40ae-be0b-329ca30f758a,0.29301075268817206,-0.1511047036603081,0.32366007247300865,2.4088154182433635e-06,0.4927262817553324,-1.1794068789028398,0.010099463760506739,0.1449414825259663,-0.13174066746501728,4.237256343140868e-07,-0.23720614697977238,0.12536972016637746
af3a0634-4292-45bd-b948-6b6bd2d58090,0.2956989247311828,-0.1508950537890152,0.08387878568913439,2.7089712490695715e-06,0.22292929315121432,-1.471463520947607,0.010741753895683341,0.07966298895354332,-0.199467290890202,2.7886490194273564e-07,-0.23062310124797586,0.28240638865310674
091e3084-04ee-4497-893c-d46226dec78f,0.29838709677419356,-0.15026836262972,-0.0752745093073953,2.966545222128835e-06,0.0314800792593807,-1.472521787479467,0.011277250742567635,0.023901769745350195,-0.06205368946371235,1.1592544824726312e-07,-0.17456184268650612,0.5076629153390736
93cd5d07-e0d3-40f8-ae7f-beadb1efb7c1,0.3010752688172043,-0.149898219372447,-0.04022859323829031,2.9408221455640977e-06,-0.12619439222179793,-1.428683456553766,0.011266521642883867,0.019594062489524895,0.09943118719682817,-1.777826455343798e-07,-0.16727355523146417,0.4522070761097745
2c9996bb-af6e-4424-881a-e81b9c9aeb78,0.30376344086021506,-0.1497725831080051,0.12358786508626106,2.610979931060075e-06,-0.30306703120354767,-1.366873476058334,0.010650722073154983,0.04271633518874916,0.1883059030390581,-3.6725926051704446e-07,-0.22210444853456585,0.20952346077526182
401a37f3-6630-4400-a811-a262351e37de,0.3064516129032258,-0.1496872435510133,0.33638321283982586,2.206303624530009e-06,-0.5704032892909296,-1.0194068803733087,0.009819289116647466,0.010439610591592426,0.11299621583522773,-4.5365314958173014e-07,-0.31069589983599666,0.19204701754874232
192da41f-f0a5-494e-8eb9-96bcdae56ff8,0.30913978494623656,-0.1496546876107609,0.34958029675671654,1.703673631896615e-06,-0.9244588308755409,-0.14310702034524914,0.00865132247372875,-0.060426210898046395,0.15287395010882654,-6.613658498515252e-07,-0.045752688521590534,0.23896160648044207
67ba29e7-f294-4dcd-9630-ad768c22c588,0.3118279569892473,-0.1494998572541215,0.6421311130574789,8.835719248269584e-07,-0.6619086663341107,-0.9721557932256233,0.006247392836961694,-0.0479502686186692,-0.02053924305647728,-4.51930558137431e-07,0.3518729667433757,0.7353888373507438
2b94070a-21ec-457b-88af-3d2a89b97ac6,0.31451612903225806,-0.1485961264108472,0.308501810643762,7.998125156217529e-07,-0.22071289738878952,-0.598121994358221,0.00595808645878312,0.010882946100257786,-0.20880865311176022,-9.272505635787049e-08,0.3282259072337773,0.10504795066204371
c616f95f-4ea1-4019-8c17-041878085c88,0.31720430107526887,-0.1485432777761795,0.22451380683395852,6.981218121112174e-07,-0.005456851866556097,-0.7237914481441572,0.005577979975094066,0.038915169977597766,-0.06541881093374786,-5.940252513172264e-08,0.1554098571848399,0.07650136566387022
bfb07784-693b-4c25-874e-4ad6e04a5d46,0.3198924731182796,-0.1482475091373035,0.17766418877626625,6.810074653583076e-07,0.09010681698089029,-0.8319869476406327,0.005519712603663959,0.0574570791916588,-0.010336151813410438,-6.274624371691628e-08,0.12899506231273145,0.14270045718378935
27d9c162-11bb-48fb-a41a-aa05fcb4c1c2,0.32258064516129037,-0.1482130035348454,0.20384150320713765,5.726293246773848e-07,0.2525332727589068,-1.515204208334215,0.005070573925624956,0.02422381091761925,0.01203600707035768,-5.77801627834522e-08,-0.0016471249859086393,0.054216854622783334
03efbc94-a43d-4db0-9377-e397348430a6,0.3252688172043011,-0.1480106734221618,0.2017362029169816,5.654471397914032e-07,0.08681256700907301,-1.7568056647731933,0.0050463089398124095,0.034705064291658996,-0.06139945999444125,2.738719428146404e-08,-0.1729810154088445,0.026044798914182633
733d8b6a-ca9d-4a69-8c9c-1f88733e8b68,0.32795698924731187,-0.1476535352529549,0.08104258321825515,6.274037132403129e-07,-0.09342875805878222,-1.5460078393800913,0.005323608073229292,0.045014563755907955,-0.07556663611320173,5.3341602805113724e-08,-0.1701522746849,0.14348507999914023
75ea63a9-357b-4566-bd78-eaa67809decd,0.3306451612903226,-0.1473960828805407,0.050602930690578134,6.721303454016307e-07,-0.25349198236072695,-1.2237737578562717,0.005518912540847331,0.06575341072778852,0.005834261646171443,3.125305738275692e-08,-0.11995444561426027,0.13060780645218142
dd4be58e-da22-4bcd-bf4c-2b9e60ffda19,0.33333333333333337,-0.1470919721803084,0.09271110651059804,6.899098280058268e-07,-0.33333764928730275,-0.7983448399787405,0.005601216132447694,0.030844361634597996,-0.0777843949970931,1.3514035464874914e-08,0.09979289113301898,0.07421696762828597
80e677b1-5ebe-4069-a1a5-1538ffee6642,0.3360215053763441,-0.1465933322586721,-0.10496585930360805,6.991584163313805e-07,-0.05390620009468899,-0.46683795619397017,0.005650299346992005,0.0469576911083431,0.15242920454372788,-5.039930593476173e-08,0.3537158848702671,0.4354143616894232
abb0d53f-f74e-45dc-8fbb-40863016f3c6,0.33870967741935487,-0.1464992257335492,0.3975695155980538,5.891112161363033e-07,0.3740941204532315,-1.2406558884112224,0.0051971326955920485,-0.06501645908321871,0.01785625328391801,2.3041886304131618e-07,0.4974355746285078,0.4594358509264125
40c217ee-429f-41f4-adc6-db9186622b17,0.3413978494623656,-0.1449880083357499,-0.06925335273577203,1.1599961424140129e-06,0.9409649491623266,0.1479695808548498,0.007310646202994714,-0.07062482294717051,-0.041293236823888746,5.1694510797102e-07,0.1922624672534445,0.36923891923953817
28d03569-8717-40da-8989-70baf2b18f9f,0.34408602150537637,-0.1446452322902316,0.3149830419502763,1.6230014320783432e-06,0.7586190549601205,-0.697172405842506,0.008670368804315026,-0.04629206495725727,0.168981073929945,4.1599614370285503e-07,-0.24134127103074704,0.24379769431876597
62d39be5-f029-4eb8-8b00-46470e06a755,0.3467741935483871,-0.1443753581531367,0.26870879512411794,1.991988429819723e-06,0.45828240710083257,-1.2696984720889997,0.009630914629683766,-0.02602381215275232,-0.08794401011997004,2.1123764304045403e-07,-0.29638783483799935,0.09286539346976154
a9cb21d1-4c4a-4f30-ad4d-c54bed26f187,0.34946236559139787,-0.1443707674473433,0.13909502171033625,2.0454767181592513e-06,0.1658433852841218,-1.6005615384584144,0.009785016198259024,-0.05142110328453388,-0.005443455191295604,-4.377621389074399e-08,-0.2867230803323063,0.20934912998118027
c8d7eb0f-2502-4277-a8ef-435b08f3c863,0.3521505376344086,-0.1442816669026676,0.25782188474152673,1.904436002038235e-06,-0.11516375356378007,-1.719069799165162,0.009465790557018072,-0.036952059088860775,0.14357584765893627,-1.752130983655125e-07,-0.2951829772175482,0.033222421564362455
d9d7f0d4-fa64-48f2-8037-52cbf0b34ad8,0.3548387096774194,-0.1441006071780244,0.42624671702820877,1.6950505214282263e-06,-0.42452256915097464,-1.5670561595050563,0.008952095396486568,-0.009966606476738834,0.11129609835257295,-2.3213974615054776e-07,-0.28991285910600045,0.3041785747576953
98d45099-feae-4dad-aa38-ec03fed6d999,0.3575268817204301,-0.1437320680645061,0.48041408144667264,1.4401565097371394e-06,-0.694989471775781,-1.1345465730680269,0.00827244235650038,-0.02439836544169844,0.003332691222714179,-3.1304715863413754e-07,-0.2932654217378623,0.3423401521814933
41658cf8-0de1-4a97-bb60-0f0107c84e00,0.3602150537634409,-0.1436826428843532,0.4329120994736371,1.0689562041599512e-06,-1.0110534126266992,-0.36374106021537234,0.007143823623956561,-0.0312611045844112,-0.19901444049289765,-2.7342864810744375e-07,-0.1051427418723242,0.30950155916738115
a123dc45-e427-461e-8d60-c51307aa498c,0.3629032258064516,-0.1429244615801529,0.08238520046087733,8.932992135222519e-07,-0.9052749555204294,0.9794422184382876,0.006547139443971123,-0.055654035139369847,-0.1158561467368984,-2.925938661182917e-07,0.7362902580831517,0.2064801125181652
6775ce57-b4cf-425c-a898-061bb9a8a1a8,0.3655913978494624,-0.1428755531675178,0.20119980599984033,4.837684719233678e-07,0.4615271035396042,-0.8314754021043527,0.004830181124133273,-0.09284829727052715,0.07730367096851612,-1.8419240290830746e-07,0.675657295182285,0.127818962640327
7b47489f-c3cc-4388-b5d7-c7c02790a5f6,0.3682795698924731,-0.1426138731073737,0.23699254239790957,5.24914407705637e-07,0.4460396348441408,-1.2927389067860748,0.005039709560110392,-0.07482090769973067,-0.08089921327519725,7.781247448246262e-08,-0.05604717482361679,0.29511133279747126
ad440651-a2de-4bb1-90da-1e5e8975ab59,0.3709677419354839,-0.1422087009461063,0.03940137944944584,6.39393420888293e-07,0.3494327538923706,-1.3632991768369405,0.005571627014921319,-0.07805960500207848,-0.27148201318326004,1.339233650379773e-07,-0.12554836902182004,0.051164892877833046
85e95dda-6198-464a-9187-fd0832bebb72,0.3736559139784947,-0.1418577577753522,-0.30597148396861046,7.927611377815916e-07,0.19494289680050067,-1.3281163835912209,0.006214864270134826,-0.08112041376093784,-0.2845736029449034,8.728825787140332e-08,-0.19585383237300688,0.46871584134965544
ff1407c6-9174-4bae-a19b-d34ca71b898c,0.37634408602150543,-0.1418296224363904,-0.529745826440361,8.139699366310996e-07,-0.04227491085364316,-1.3887716492547617,0.0063086388189540306,-0.08592187153617695,-0.02663942877998421,3.6183436133221045e-09,-0.18109084808542464,0.8771537066207403
a54b322b-80d3-435c-8d14-25841b741f6c,0.3790322580645162,-0.1415076536570194,-0.3592503415285789,7.999978250082358e-07,-0.16723879937034858,-1.2848398273606727,0.006266414440364733,-0.037933392106182615,0.18281795278099752,-6.170538137128944e-08,-0.13827926874834584,0.6586723903491305
d7ebd11a-1339-4b28-be90-a788d2cfa706,0.38172043010752693,-0.1414796926496703,-0.1641099208783659,6.905591738885208e-07,-0.31883344835033484,-1.2150101321420113,0.005832749958828022,-0.10013102824212936,0.17840541235823057,-1.142235249532845e-07,-0.20589659153968354,0.3154592277690197
7a481097-14a3-4916-9632-d899c25fd284,0.3844086021505377,-0.1414521244368401,-0.002439516812117731,5.715507751016668e-07,-0.5790319824497157,-0.8221076744195428,0.005314909450199788,-0.108011081872436,0.35067892560519875,-1.636968178680436e-07,-0.08302526826212495,0.05277857192303635
384400c1-98d6-4cc3-8724-de6711f6208b,0.38709677419354843,-0.1413946944462482,0.5372479303320316,3.6316553815243353e-07,-0.48488398487458473,-1.3494406646148605,0.0042434578316825605,-0.0875310092071701,0.2647074140713644,-1.176885462309626e-07,-0.015472282140440496,1.0378636684699087
04d7a52f-a89b-4114-a608-a6254b4d604f,0.3897849462365592,-0.1410458090112536,0.526975311330611,3.3617368263974163e-07,-0.6099765467305966,-0.7416584710592282,0.004088126472162446,-0.11383196145393308,-0.17599968021548396,-5.8482516749883985e-08,-0.06821910530198194,1.0171048502548585
e17959bd-045d-4540-b43a-c3863e8ff3c0,0.39247311827956993,-0.1410326435930431,0.18524856990106367,2.4620050465266556e-07,-0.6213221954785486,-0.4167895705658524,0.0035030927035628197,-0.09159549377530812,-0.38990868963562864,-9.011903436016775e-08,0.11239955005029595,0.3791052746932204
68801d41-535f-4b38-989b-ef4fe5f00039,0.3951612903225807,-0.1410216309472238,-0.25284206794064623,1.5593561391940614e-07,-0.38517744663000475,-0.7938245534551891,0.002791054365371786,-0.008406933175666285,-0.2040713708208469,-6.258908823276375e-08,0.25665304724442733,0.39649642890452524
d651f9ba-8746-46c4-852c-6c2992c7d10e,0.39784946236559143,-0.1408537838857448,-0.22289417174063011,1.2102232818713807e-07,-0.10801610098969396,-1.215506953715208,0.0024611863247894867,-0.008348606604080813,-0.019937077960880567,-2.3841488517648295e-08,0.047995757743248685,0.3251711544748827
64bd568d-0509-48fe-8d0a-aef2a85d5c57,0.4005376344086022,-0.1408507518522717,-0.29271622386240737,1.0825263688410955e-07,-0.2891859311435074,-1.1040558317255298,0.002329380842417238,-0.0033748403411370345,-0.026087960680364855,-7.023567073814787e-09,0.1611955157799279,0.4217394684216277
5d66191d-da49-4d7e-89a4-a382db338340,0.40322580645161293,-0.1405444920733688,-0.2750700931013598,1.069751940395085e-07,0.21437493057016188,-1.0915865111425889,0.0023177048006129716,0.02450006507114574,-0.00228060296289756,5.5253708495384016e-09,0.16020270756667965,0.3300774616179229
f5c3bc61-1018-4351-bb23-aacc1459365f,0.4059139784946237,-0.1405179236742609,-0.2972774297882025,1.1930337858318635e-07,0.03121948398985189,-1.1311657806203264,0.002449331954748684,0.045403183616508164,0.0009283941511733507,1.2168550756117774e-08,-0.11564781089399817,0.23890262690539407
755d3bde-76c3-45c1-8427-8e4d5d686dc1,0.40860215053763443,-0.1403503809580268,-0.2732133047990131,1.3131229555174404e-07,-0.01692069121783447,-0.9818068550827106,0.002571709475801264,0.024274672579024794,0.07730201343191197,1.5348406884333026e-08,0.09129122408064672,0.06809973133646413
c4d74653-d26b-4e51-aee0-82ee3d42f883,0.4112903225806452,-0.140101128812097,-0.14267340292437855,1.500001923518524e-07,0.21380193215114532,-0.7763134406186212,0.0027512604992704815,0.06864631245778592,0.23061235695781795,1.173654854383067e-08,0.22995007797754236,0.14296317529069422
df228c56-89ac-4122-93b3-6c0740c4ec09,0.41397849462365593,-0.1399757040520541,0.18801140911662276,1.5478539263940538e-07,0.44297946473725025,-1.1867718386276553,0.0027976203983808086,0.08008691959370494,-0.03729397329504315,1.2844344549048711e-08,-0.028249441767312256,0.6230768467562228
cee553c8-460d-436b-b55d-8f41624816cc,0.4166666666666667,-0.1399327147422767,-0.21726134951446485,1.7568888144994983e-07,0.1573030486165208,-1.4228195715736047,0.002982907748324374,0.03426592857256511,-0.37173712739956855,2.9980617736825195e-08,-0.14900924350222136,0.2231495125502895
5498d5ef-ad24-4034-9750-7c996c5355e1,0.41935483870967744,-0.139613941542416,-0.5554628456825144,2.1474662811305577e-07,0.14496097773280753,-1.1655367383400008,0.003301182657091625,0.02381121522285969,0.028554542059945176,4.979145282159783e-08,0.10733511031463157,0.9398020442689745
aee20b98-df51-4ead-86cc-0d5f60a74b90,0.4220430107526882,-0.1392464822665664,-0.1601522653945745,2.752717870931455e-07,0.37197326924578394,-0.8219559433008929,0.0037422842380260084,-0.005733350572820867,0.4402409255229109,1.642237602556122e-07,0.419466037393159,0.3729599446896411
fa83dfb5-7386-4a35-9861-aa866478d5f1,0.42473118279569894,-0.1383345866671935,0.3250190053633074,5.431941486242802e-07,0.9838930525191256,0.32126361350129384,0.0052664084146485084,0.06012133580428217,0.33626310484106586,2.176172959653171e-07,0.21487913517982668,0.377911077939095
8c043ecd-2265-411f-bc3b-dc341cf56ac2,0.4274193548387097,-0.1382087220965907,0.5123739442875572,7.105063790237797e-07,0.8017315396054373,-0.7166196714292496,0.006034505071017021,0.022751563446908124,0.06895930338199868,1.4596697943346183e-07,-0.26439577287268834,0.6383495603120117
af06cde0-c69a-4bb1-a234-8023b95e4835,0.4301075268817205,-0.1381160234279745,0.4629376121273048,8.351281074912039e-07,0.4551015067737489,-1.3656235670130628,0.006553750761884102,-0.0241700578583139,-0.05929402245910578,7.090854210487501e-08,-0.3215403718434433,0.5281487544450317
e6c8c5fc-158a-4de4-b3f6-3b645584bbc7,0.43279569892473124,-0.1380522667784584,0.39378589936934566,8.523234632335297e-07,0.15865079591855066,-1.6911571943906176,0.006632606283454674,0.017814454217881706,-0.09424675403987401,4.662459112458246e-08,-0.22561813559844113,0.33684076551661135
1fd75c4d-e74c-410c-a150-814722c6c1cc,0.435483870967742,-0.1375110030675927,0.27444410404755676,9.283772897403688e-07,0.0038652355768666502,-1.5997028209818964,0.006936351047542789,0.12896156341431764,-0.0768269510179339,3.1838785083191486e-08,-0.21880093794646832,0.08662509046211478
97f6c8d3-09a0-4128-8f10-41e736648a5f,0.43817204301075274,-0.1375001078540865,0.24013199733347787,9.160010333999127e-07,-0.27895107997438595,-1.4578373573866223,0.00690288683886837,0.14175513430640438,0.02876287337913383,-2.558237868255534e-08,-0.24192624566273652,0.029229107698641243
ca22edd4-eb7c-4677-84aa-6f0354459a19,0.4408602150537635,-0.137165863003089,0.3319698508058244,8.772125323752581e-07,-0.4799872557486064,-1.0415027888472315,0.006768870619424547,0.12798503135092992,-0.025914185112710347,-7.384728110848107e-08,-0.07854191591057252,0.2278634608503341
613aa3e8-a70b-45a9-9c08-0c2346c8bf00,0.44354838709677424,-0.1368040414205903,0.18830362710805718,7.683064711829505e-07,-0.436034911795531,-0.6614299493087077,0.006349128977720392,0.1321946153996925,-0.319310056720304,-1.1759256454326848e-07,0.12882195367070887,0.09511215607540155
39b6ae01-c97b-4234-8a28-208fdf170432,0.446236559139785,-0.1365643931927707,-0.30665026263478357,6.420274032887212e-07,-0.22234334840718867,-0.5735728477366031,0.005816799239222572,0.11870836295755971,-0.026783952370636216,-8.874923696585148e-08,0.4295481986504851,0.6769187440754447
ab9cc98a-86ae-4913-bcb2-cc3aeff8abb1,0.44892473118279574,-0.1360836849979952,0.13473572236678474,5.908079972512476e-07,0.42306148550543915,-1.0758687496314474,0.005592793405869988,0.1020739984031219,0.045870345093688106,4.899396725013699e-09,0.2031848824463707,0.16200332948192486
265d7b06-65fe-42c5-ad21-e6b160e94718,0.4516129032258065,-0.1360646291777144,-0.21490957244740735,6.518261967387486e-07,0.18402641648555274,-1.3412689740874901,0.005884226803975601,0.12415079933298392,-0.15174233182524943,2.318134409935525e-08,-0.261621900805402,0.4061958551800687
d17a2ab0-faef-40de-a87d-1291868b200d,0.45430107526881724,-0.1360507496690739,-0.16874894128371412,6.371706854499581e-07,-0.10018231610536486,-1.4061769084214677,0.0058268653415184364,0.11456896038843956,0.08029791627868418,-6.3722611902759654e-09,-0.18995073724794753,0.28313233575833735
c82bbe23-0264-45a7-b1a6-82b4654108c8,0.456989247311828,-0.1356089628464296,-0.05431373989003899,6.390816743581966e-07,-0.19587505801034233,-1.204406883214991,0.005846295940283493,0.118086477382859,0.08535460587636287,5.906244269398311e-09,0.0909220842838157,0.057590304031694364
e3ca9046-9634-4332-b19f-88b18110f941,0.45967741935483875,-0.1351038035945558,0.0019602704690116343,6.489831739887547e-07,0.08166185246226652,-1.0639522406875872,0.005904141928157331,0.15805183132876122,0.04262052200487486,1.2815704239257173e-08,0.05661923931202015,0.046060313159689434
269e8ca8-722d-449b-ace1-6545bd72bdd6,0.4623655913978495,-0.1350790362065114,0.03092730411971073,6.64713082836711e-07,-0.08263657938630203,-1.0385384226460357,0.005985934322353723,0.046269379752665825,-0.0032135315761311098,-4.6139598867651674e-08,-0.11373718531777946,0.0052357916112902615
c5c4a0a5-900d-483d-9282-475654d63265,0.46505376344086025,-0.1350590667615454,-0.004466792683250585,5.567039762534513e-07,-0.1458125181732924,-1.1784490679805149,0.005487898152005212,-0.11271400539778144,0.07458896459069697,-1.1087534132309409e-07,-0.07443424046727094,0.10041598808055151
3a785e32-7960-4c72-84c4-fb42c4dd86f1,0.467741935483871,-0.1350103377010494,0.18010523330110467,4.429624001905228e-07,-0.23150506032084392,-1.348602406093356,0.0049030509121279755,-0.0841180222172012,0.08278689214832752,-7.915844874157455e-08,-0.04511655942131536,0.1432800702738639
0f940ec0-eb0b-422a-a764-a26c8e5c216d,0.47043010752688175,-0.1346531224415371,0.16110699161340444,3.9838707877030224e-07,-0.23604563701592313,-1.2994430443898055,0.004657193706443845,-0.028713465119239535,0.041937033743967206,-5.6388098951675265e-08,-0.018933214329037648,0.08559802012163513
19d1a5fc-3ce9-4e43-a364-a4150bcf911b,0.4731182795698925,-0.13460971665698,0.2639793007890391,3.301862022871723e-07,-0.2693714889789192,-1.429142737404324,0.0042459801788522706,-0.008599758859348454,0.08697203101952995,-4.061421177351898e-08,-0.15307526652311196,0.18572980084900895
17633a60-e12b-4a7c-bd8a-c16341ddc606,0.47580645161290325,-0.1344960197621937,0.33505105365246435,3.171586552232643e-07,-0.542196170062147,-0.9814552470725215,0.0041662620424312985,0.07781411427662141,-0.01433887415635425,-1.9525492884356735e-08,-0.1545871496697165,0.2740094373674065
9d68516e-7e5c-403e-8aca-ea1abe0d6014,0.478494623655914,-0.1342259763206801,0.23530155247633058,2.911352165184588e-07,-0.5785457883183522,-0.3080662248737793,0.003997116494494908,0.16198244784469937,-0.18074673301138766,-3.574962957937484e-08,0.3545660571774738,0.05363469001623449
b16bb717-d1cf-4237-a554-43f3995b82f2,0.48118279569892475,-0.1339047222740287,-0.026442412370310982,2.456593960645146e-07,0.1669359442928005,-0.5756284889715397,0.0036775374416037625,0.09832697393242441,0.08274181518551903,-2.1083947821274753e-08,0.5462542892112598,0.43922817364866396
0cbe9848-8eac-4ea8-a36b-fb74b4a33de7,0.4838709677419355,-0.1337381997580989,0.40078518284736864,2.489673208759093e-07,0.5139627901041675,-1.0745406894448393,0.0037073606242297753,0.11473935265775967,0.11494819563933399,5.458053339550028e-08,0.14792181762168427,0.2861438503544279
fdffda5f-72b2-4153-b7f1-d7043b7ca898,0.48655913978494625,-0.1333529823424785,0.203453978908357,3.5482046285551517e-07,0.46277957953616905,-0.9987690414841457,0.004431628223502504,0.0823731204534665,-0.04951382675248736,1.0985520334641124e-07,-0.06494392410551575,0.11780843407265283
33522271-b2ca-4da4-a942-501ab9117c51,0.48924731182795705,-0.1330403029460154,0.3017575293423939,4.686777275687318e-07,0.38407494189313596,-1.051757985250811,0.005101000577673683,0.04112193483407495,-0.0027977035323522442,7.115688906999301e-08,-0.14808694866061128,0.012864016124526405
69fb431f-0caf-4cdd-9085-eda5b18ed15d,0.4919354838709678,-0.1330298919632822,0.19785857184365252,4.971342409955012e-07,0.16660568221494645,-1.326297655407424,0.005261531590170292,0.015468945863684726,-0.0017662398168858118,-6.309891100435697e-10,-0.1808509076565414,0.2491780033361067
c293a148-a88c-4fb3-b2f4-e64e918044f9,0.49462365591397855,-0.1329209974898217,0.2982250497086223,4.6741574934864466e-07,0.02237312658005315,-1.560082570955105,0.005109809012254576,0.008737615207250318,0.15174457412833758,-2.7129958979349114e-08,-0.22808567435675475,0.10260988954816423
0b8de222-119a-40f3-8beb-12b9d933225b,0.4973118279569893,-0.132890271897042,0.5013477201003277,4.4287432303680295e-07,-0.289565666498563,-1.4585493749845377,0.0049804184314230695,-0.006188408231150575,0.16891628134400083,-5.0197254336687104e-08,-0.29977894271830074,0.17825361622995467
e4c0d890-a634-48bd-9108-e674532b0d2e,0.5,-0.1328412954928335,0.636057612396624,3.6702124067527045e-07,-0.5771847588565483,-1.1597767338319702,0.004539900483941005,0.0821932987700688,0.07570161714256463,-8.918739259953154e-08,-0.23967323172338365,0.39994079151015405
aa909ffb-03e1-4e3f-8888-2212b23d90b7,0.5026881720430108,-0.1327432610136308,0.6527509543854569,2.6449953783773986e-07,-0.7689121299453303,-0.8781564979500489,0.003859081972087738,0.03518093666443702,-0.11914091602723267,-6.607340348183112e-08,0.14152734507823642,0.38584756310309876
bab21810-f51b-421e-a87f-1f1136cbc77a,0.5053763440860215,-0.1322487257312669,0.3977757803421586,2.348744337116082e-07,-0.29413006870007546,-0.4026262383763104,0.0036419521882397913,0.02131412367843179,-0.12389193381683625,-1.118694314890078e-08,0.4687757960570089,0.07395405111052197
c46971a1-cbac-425d-bac2-f4142c92522e,0.5080645161290323,-0.1320138031722809,0.40496708675178444,2.421256515399383e-07,0.16863946216868755,-0.2264188838674297,0.003703005292870808,0.10754613603548743,0.03436181084939968,-8.307532971358889e-09,0.4110107320848938,0.05267595983677938
bce5579c-08c6-48e9-853e-fac85ba8cbea,0.510752688172043,-0.1319704861970356,0.46649940204095797,2.1825936776889043e-07,0.5278913954697121,-1.0127145020170167,0.0035204525864253973,0.12105780722289779,0.02621150304012898,1.3154931960408018e-08,0.20714733436182153,0.15515157064451834
95a54459-3fac-42d5-8ec1-ed66d971d64d,0.5134408602150538,-0.1316233696052872,0.4573900928320424,2.6843551546075434e-07,0.5829341308923306,-1.219908233269716,0.003909295029429702,0.07434422952188882,-0.04218633978532124,5.831070422596095e-08,-0.10387785114017928,0.26991675964156603
750770db-53cf-4021-a8c2-5e0ddb97fef5,0.5161290322580645,-0.1314842608548822,0.3821267224703155,3.3488077622081233e-07,0.32013569318935353,-1.4531526528457548,0.004371533061331898,0.07891336515719882,-0.15417246841929952,4.9174726903323105e-08,-0.26210534940438857,0.32061607224359223
39d3b5b3-d51e-4d77-a8aa-2977fa734fab,0.5188172043010754,-0.1313843323037472,0.14904515599344337,3.6678496926740055e-07,0.05872343208355345,-1.5540966666519493,0.004580729282661515,0.0666930658864594,-0.3246684199615959,5.548559298916979e-08,-0.15128310037941362,0.09874260466368599
1add38c2-df6f-47c9-9373-0bec0e40baf8,0.5215053763440861,-0.1309454066499938,-0.2672101174528764,4.458519621991519e-07,0.017569492430526287,-1.1944955329638633,0.005057939565969466,0.07567133054988144,-0.20149684580751642,4.973688482771911e-08,-0.09241375921000378,0.4941633821551955
b823d6e5-54b0-43d3-95e2-9be33dc6f734,0.5241935483870969,-0.1308444127093717,-0.2539485356215895,4.6625873892283877e-07,-0.12610408633645412,-1.067659922695163,0.005180424459801781,0.05801866170589748,-0.07236643492826308,-9.029067432456191e-09,-0.11820019126681719,0.46784819056190313
081a3dc7-45e1-457d-add0-c4686140a8d0,0.5268817204301076,-0.1307317188597577,-0.41194298730940254,4.277938273342395e-07,-0.2188308901031081,-0.9653899898768636,0.004970095586580419,0.03694702105744493,-0.07292838407275393,-5.248967990958751e-08,0.06592057872447447,0.7596945023036057
2dced66c-1f0d-4039-a5e5-54cca77c16e9,0.5295698924731184,-0.1304964483665119,-0.39980530376709733,3.6127937910366374e-07,0.005737071112494817,-1.3359818695172838,0.004575211589852501,0.018147287130631105,0.02419424198574785,1.583817788654401e-08,0.27774240613075524,0.7591913958963521
628408ce-0691-4e0b-b4c7-aca9a0d73bb0,0.5322580645161291,-0.1298893727172938,-0.36355450333790684,4.5947018310732754e-07,0.33665392215840234,-0.7897054180972081,0.005168909338764253,0.03697627604354524,0.3938354446758332,1.4310827423268464e-07,0.2629245336468517,0.7153406206113604
cc22913d-2dda-48bb-82aa-9960b73f3e44,0.5349462365591399,-0.1293598912062709,0.38786558558456913,6.47495927569033e-07,0.5315861384061982,-0.5930295045785883,0.006148491295092293,-0.03892622769036282,0.4656041606208381,2.2435299550599335e-07,0.18807471190193417,0.5322446532381461
d9fb85c3-ade1-47bf-8159-170f81eb130f,0.5376344086021506,-0.1287276870333644,0.5676538179037693,9.081761741193142e-07,0.7128033459622707,-0.6344571002963821,0.007299826426660022,-0.0731883254225812,0.08780703276122767,2.2430802441791198e-07,-0.031398922659854944,0.7182169969804487
de287a25-981d-49f8-81af-fe0300e4cd31,0.5403225806451614,-0.1286112588655295,0.5634796511070245,1.096111976404857e-06,0.4687882930864883,-1.1942949326602013,0.008038187558531485,0.031984905854842996,-0.03697361629767734,1.235600453689464e-07,-0.2597251136998121,0.5853580423767122
e8841edf-e070-425b-b4d4-bbb2115f9dbd,0.5430107526881721,-0.1285351700762856,0.49370658530841466,1.155296264857207e-06,0.19335311856264645,-1.5283706854803334,0.008271072207811654,0.04947157090553883,-0.028917346815680256,1.752092932668308e-08,-0.24014910450195714,0.3190358420200143
14efca0c-882d-4fba-b15c-64af6e213b80,0.5456989247311829,-0.1282804186359609,0.505644957475664,1.1311538350582231e-06,-0.011509915917425992,-1.6786041645812522,0.008203789641369866,0.07895817033403454,-0.014037732036504769,3.337295225442805e-08,-0.18755076825903788,0.22180859525628407
912b61a1-6a5b-451c-b753-9c3dac03e8cb,0.5483870967741936,-0.1277636862883919,0.4656311212354051,1.2220421693660632e-06,-0.18174841795542931,-1.4170995459294249,0.008547988822353348,0.04862028028768722,-0.013516704952969055,6.244061023439515e-09,-0.2045294624682117,0.06484217551187839
3758f4f7-ac2f-4f9d-bee2-526196f8129a,0.5510752688172044,-0.1277163687314517,0.47861154756972585,1.1436419571051022e-06,-0.4205688408538494,-1.1272617542120968,0.008289295430801964,0.13060619973489812,-0.021174672241383335,-1.5133577013306494e-07,-0.21915532526460557,0.15220986812231596
93690a96-421c-4c59-85ba-fa6dd538c721,0.5537634408602151,-0.1276318300895493,0.42328177675263845,9.193706290999333e-07,-0.6200590684846404,-0.718333984253098,0.007450109773045544,0.13016067425721678,-0.10186386676327325,-2.690203280976802e-07,-0.09999303592892339,0.1257208757334946
99c532b0-6b42-4925-a344-fc7262c415ee,0.5564516129032259,-0.1275845961258186,0.27488381404317935,6.056013009097418e-07,-0.6205549127116962,-0.6932195683498787,0.006060304685198164,0.16879225526949057,-0.13788205281534344,-2.693568530079551e-07,0.016253969873554486,0.07604038029958901
c21d2c68-920f-4526-b754-286579c049f3,0.5591397849462366,-0.1275730793893661,0.14751767112195158,3.806569230840231e-07,-0.5875511287375315,-0.8580035473525522,0.004813400789205672,0.1798939585895826,-0.13188867528553164,-1.3336618544747455e-07,0.35292315849899236,0.2417413489987165
9f45a227-1fd5-478c-a194-4a5c61b68cc3,0.5618279569892474,-0.1269045439647991,0.011106463472116072,3.388689300147927e-07,0.08529140428628856,-0.937970848531859,0.004550234233558976,0.1675894666150765,0.0024798631125152737,1.6868520035229685e-09,0.3478840080210248,0.44348519132967235
6a4031c6-ee88-48be-81a5-a522720edd02,0.5645161290322581,-0.1267347991132202,0.15247739734698212,3.8403062709106904e-07,0.10821688730451813,-0.8532657409967257,0.0048515204119756895,0.2656927347269222,0.10436108126076822,3.7369319066685224e-08,0.014193347773962799,0.15129879381765354
81555ac5-9cc2-49ae-9033-657f56243f20,0.5672043010752689,-0.1265194560605361,0.21982862599365252,4.1360756814816314e-07,0.11367809983421416,-0.8844177592953941,0.0050431393329081545,0.19578750488514265,0.004292087602812231,-1.6817513859734834e-09,0.021895417999802762,0.017157379410269423
21bdad0d-c6a2-428c-b2b4-0de282b34abc,0.5698924731182796,-0.1264467304372634,0.16106157255260659,3.806671243191221e-07,0.15200772330412365,-1.2396285348949925,0.004846087284758272,0.16723868226411256,0.042743238134329356,-4.11844024050113e-08,0.011919743835608752,0.05164449436625689
57b0f89f-1b75-453e-922c-01cd4d44ca49,0.5725806451612904,-0.1263989844754037,0.30531510226231123,3.3123876333814054e-07,0.13751758750543167,-1.77223423642164,0.0045272177829712035,0.07844431878066949,0.024117277809317605,-8.349050711198284e-09,-0.13138263891530402,0.22898490980101865
60ad2c8a-6bbf-43fc-ae73-cc1f6d6c163c,0.5752688172043011,-0.1261472493646834,0.2092961281712418,3.639690228967255e-07,-0.11075755452648438,-1.6355538449121254,0.004751662453332679,0.03477424121649021,-0.05376095188916967,2.2897399453568714e-08,-0.2293239653430863,0.0152971962190975
88832340-46ad-449c-8f81-6a8e5b495510,0.5779569892473119,-0.1259734019607175,0.1977931984839719,3.7703356224527796e-07,-0.32113034318074096,-1.322748573516286,0.004842838413648809,0.08065885271408986,0.008919161540477602,1.2204987330983129e-08,-0.150754347592325,0.05918884431097072
88e64f45-adc4-4223-9838-4d7d45b8f0c0,0.5806451612903226,-0.125705461326356,0.227134451252197,3.8837899755869176e-07,-0.4122662497111344,-0.7999568003846576,0.004922641123185664,0.07643116083777522,-0.04495198341098834,4.9390745412666455e-09,0.024351336875028218,0.06801023360245309
0f74d992-00da-4728-9564-086ca1b95921,0.5833333333333334,-0.1254007239648609,0.10788923166199521,3.8691171132781125e-07,-0.2724276694306845,-0.2999042179434688,0.004921823826491528,0.09769565311491887,0.09302728944921773,-4.868423805438034e-08,0.34137759637913134,0.34715485442418387
a19cd9f8-482b-4b70-b7d7-06d6bb1b0260,0.5860215053763441,-0.1253551710551714,0.41318903015063246,2.910105214499311e-07,0.2704889430471282,-1.1966702884760776,0.004275996145448846,0.08148602944785241,0.1075394657382771,-5.622096422610087e-08,0.18205762351111804,0.16669227744220613
fb9e7684-a7f7-4f17-bc5d-1f359e1b0d42,0.5887096774193549,-0.1253536602856517,0.3229681631385494,2.744697828756095e-07,0.09168757759155152,-1.4999990298287427,0.004157808098124202,0.12309643784449997,0.04068952742631235,-2.1456791085859006e-08,-0.1983775390830459,0.031610197799599025
81f6b141-2195-4091-9cd3-dfb022663949,0.5913978494623656,-0.1252927113638673,0.49456808500325716,2.4809693927821307e-07,-0.1262661351189636,-1.6388186885459475,0.003957538982074182,0.13458243320143887,0.15440286034111486,-2.7604374187138808e-08,-0.2775548898041823,0.35076312327581205
0687bea4-911a-4ef2-9fa2-531ef6ba7910,0.5940860215053764,-0.1252864272582937,0.6317738838207791,2.192610345013319e-07,-0.46342220201681306,-1.4218012960052733,0.0037240963550641184,0.09943466644272066,-0.11488268583913472,-6.206893844135148e-10,-0.019871978445416605,0.5343598929782268
e703af88-c05f-4d7b-b225-d640e4d1a2a5,0.5967741935483871,-0.1247086783818515,0.2648027133249877,2.4685556050938604e-07,-0.1660100920097968,-0.6040984802537506,0.003956966543917159,0.09278564241018339,-0.22554809886494448,9.026250633667013e-10,0.23441638705171616,0.16198299753808298
10628a61-bd5e-4415-af97-631c5ca320cb,0.5994623655913979,-0.124690517548746,0.18067768609089016,2.210662846280653e-07,0.005410572086619293,-0.702035766813899,0.003749673935543036,0.1308617107296538,-0.08611973355181661,1.2667761532207292e-07,0.7513928899758581,0.3612404395820713
9b2c325c-1f03-43c7-ad5c-b49c6d205635,0.6021505376344086,-0.1234374535301969,0.0925632462213545,5.002107911535319e-07,1.3367756879419193,1.3151729774991,0.005652601018770672,0.1483550836820073,0.16956397871523166,3.0523219947187975e-07,0.580342627800603,0.46823726653990805
e75985cb-357e-4072-b047-eea37965d70c,0.6048387096774194,-0.1229734650929815,0.5198056435213535,8.315306835718248e-07,1.1660958276878253,-0.09290334103966691,0.00730555939249173,0.033735540182219775,0.22185149761981815,3.0162541317624433e-07,-0.28596045563931743,0.3102512252766956
7ea546ce-f48a-4d9c-96b4-a0124c692870,0.6075268817204301,-0.1228021083635036,0.5362662414609908,1.1034616175060206e-06,0.7648547766632844,-1.1366722922135482,0.0084353733228846,0.011081658854955424,-0.058945027864277216,3.130687942982619e-07,-0.36222483004847106,0.36905002378520374
38d65618-4857-490e-86b3-0a3f772a9f60,0.6102150537634409,-0.122317257007639,0.40191558779279907,1.4576682721683486e-06,0.4416461675908831,-1.4881279899027864,0.009719226984566395,-0.030502189443657034,-0.18841352488459098,2.755897476578203e-07,-0.3309551180151501,0.18656096781408082
80809d79-92e1-4d6c-ba2e-0a9589997792,0.6129032258064516,-0.1222101465945757,0.1594391916918088,1.6546411128216612e-06,0.1029445406329842,-1.6717669526686982,0.010381382989437544,-0.0369524434851029,-0.13468597028863274,1.1867218302296743e-07,-0.3269419891620289,0.21697426476276443
2d02bd7a-5beb-4e43-9ccb-18d89c9d5ca2,0.6155913978494624,-0.1220183556425096,0.13254364721553358,1.6950126382142834e-06,-0.2122378107331746,-1.5889541950710713,0.010535626780159313,0.08438841605819562,0.08644940082122304,-3.1855971088376895e-08,-0.3027395796772501,0.21895547095857862
9d8c4693-8e36-473b-bb34-a7cdc04dd223,0.6182795698924731,-0.121768010237504,0.3323379933342549,1.5909291706449074e-06,-0.5025346187215161,-1.2416523917004734,0.010236225406305297,0.07570681943808077,0.1128373285208236,-1.7809958827764515e-07,-0.19603444432307632,0.11197421772407845
c594196e-49ef-4195-a6b6-4ef4a1d9ec15,0.6209677419354839,-0.121335195204467,0.35821830425718076,1.3388134616589931e-06,-0.6043066993793272,-0.822514964476071,0.00942039919480438,0.110224874531842,-0.12281950598146542,-2.578656301188281e-07,-0.1716340376874146,0.18970568017597203
e6ec5a68-7555-4f26-bd7e-9cdb4c5f7004,0.6236559139784946,-0.1212981615347115,0.08669898137132406,1.0751979104072513e-06,-0.8458026940963452,0.05418789088418441,0.008465664663486517,0.10130101432958631,-0.21776020861472872,-3.824336880010159e-07,0.1456318231677898,0.2873975666448108
db246424-3979-4f23-b316-8d30c449ee15,0.6263440860215054,-0.1212438069154702,-0.07730211297227667,5.739460856569613e-07,-0.31304305304374763,-1.0909223999518496,0.0062026349993521395,0.0921010090771821,0.0885234523266578,-3.193372727464911e-07,0.25296315111134027,0.5974472933407133
d2c99bed-3446-4d12-99e0-00611faa37dc,0.6290322580645161,-0.1211579717465121,0.26374588602463966,4.3652336491426907e-07,-0.33987639187366475,-1.2465552394947061,0.0054194560137494,0.20611928313137579,0.19587307721957367,-1.0886703251869391e-07,-0.09031222738961475,0.01945386323220748
31a3877d-3e82-450e-811f-3448b06f3950,0.631720430107527,-0.1210285865423161,0.31444404146687066,3.562120206195735e-07,-0.49366750782297714,-1.0495994860045017,0.004903425944266336,0.13945042672688235,0.1409288547942517,-9.508777317196165e-08,-0.07522832800343082,0.15100376433214727
5a195baa-2d05-4273-a7c4-64cc816b0406,0.6344086021505377,-0.1210038311399729,0.5456035956131431,2.463478185703458e-07,-0.4903330478805264,-1.350732650670836,0.004083774965094021,0.14563367260750293,0.10261443547701643,-6.804751848033147e-08,-0.050093524362473746,0.5496958708916717
4f601d7b-8db1-4c6d-9374-21dcd804980d,0.6370967741935485,-0.1207536244161751,0.5196729124209035,2.2011698365891053e-07,-0.5938545565479246,-0.8292436080220535,0.003865211953026843,0.19157549379253982,-0.1499282925906847,-4.0907705149909095e-08,-0.09072556366505649,0.48839770243819663
cc1d6ad3-b60d-482e-8fa4-0af26823007d,0.6397849462365592,-0.1207499804363153,0.24574701043177372,1.6453240827052758e-07,-0.6717841752106394,-0.40063061825989355,0.0033457617763812293,0.2114408320771006,-0.40579815331476454,-3.4715397249195996e-08,0.3396458109995213,0.03682387663934094
043a4745-566b-4106-b159-99cb8b394b81,0.64247311827957,-0.120362876000613,-0.2919233942086256,1.5068618916051854e-07,0.08543706545111798,-0.1911985821556974,0.003206265258050418,0.10603826100831716,0.050930116272760784,1.6587753369314352e-09,0.7300140969854267,1.0158392221122514
89a6384e-1cea-440b-9f17-d57cb0805174,0.6451612903225807,-0.1201135859684886,0.3476072429772953,1.6784995894439045e-07,0.7882440187602142,-0.5676414358699495,0.003388575864691875,0.141542245696021,0.3682269521308983,3.993926078948476e-08,0.25473037718785735,0.13320527249589184
36eaf209-c332-4321-b6aa-51a3368ecd79,0.6478494623655915,-0.1199317986231078,0.44453051005317096,2.3056471073948807e-07,0.5948978198268327,-1.021006257903576,0.003976101021808385,0.13634259410943544,-6.697561861596091e-05,5.0463916524671856e-08,-0.22588485332419653,0.2941798926044307
56eb96a4-d2c2-42fb-b26c-1a80012bcb8e,0.6505376344086022,-0.1198484783356201,0.34747329174006336,2.6877779199373417e-07,0.33647431211182116,-1.4051068752380462,0.004298127879650927,0.11162544757064416,-0.1326167104061492,3.421979111909955e-08,-0.22602705896921044,0.20331486763985646
5116e3b4-2bac-40f5-8046-b9c1783faaa5,0.653225806451613,-0.1196649148128907,0.1792970892408726,2.9900429297768717e-07,0.14284370188841178,-1.513014113810596,0.00453931385455548,0.11505659037712664,-0.14208027512749544,1.468330078528986e-08,-0.2172281887667862,0.009107411268217847
a94e1279-a975-480a-93e9-7b1ff05cbcbf,0.6559139784946237,-0.1196159772994267,0.06331274148507252,2.981443935643139e-07,-0.09798206542175125,-1.5438967182733199,0.004538591624801377,0.033829423119998356,0.08622129824138323,-1.1202135629265366e-08,-0.26613797102220393,0.1416353745699418
26a41625-4680-47b2-afa9-6a72b148e1c0,0.6586021505376345,-0.1195739846030359,0.35173968572363906,2.7660002171915643e-07,-0.38943224015599615,-1.341089713372869,0.004376826179850561,0.024787154282627687,0.018522308011514194,-7.754570930151689e-09,-0.03450000130125931,0.32516070657516566
aa85d9e8-caa6-422c-95ce-780e4ac2a5e4,0.6612903225806452,-0.119101164673146,0.1003573575081009,2.826352517040105e-07,-0.16698206802426988,-0.8533039362141954,0.004431334906184011,0.029332248705988946,-0.1496434590774832,4.754297999253724e-13,0.08312658126879867,0.036627495505440276
01240896-3f3f-4bf9-9799-55c87bfacf36,0.663978494623656,-0.1190513258029499,0.05245276756867269,2.766009725787563e-07,-0.2231790776183988,-0.6118465908301345,0.004390004109509215,-0.0036706575410718626,-0.12575834122150628,-3.2153146966720156e-08,0.11008821263612194,0.027810881285877567
c777a777-373a-4773-9566-6c373261f00a,0.6666666666666667,-0.1189692864253249,-0.15115932493491166,2.183289577705702e-07,0.05319435724797401,-1.1017766584790245,0.0039060675482161084,-0.03156435630165493,-0.06955265294306645,-4.564838084590278e-08,0.1247609440565245,0.339369749867525
d5a296ae-c165-413c-adcc-33c9e99ff873,0.6693548387096775,-0.1189538391767467,-0.0866525383174602,1.8530421088695072e-07,0.026342810494650207,-1.48277826937719,0.003602786920138322,-0.040768838341313625,0.030782273894992496,-1.6396459014916906e-08,-0.02642818665756904,0.2877861039684506
0e87e5fd-d5bb-4c0d-952d-711a6abbf336,0.6720430107526882,-0.1187093785732242,-0.08959477714492667,1.8553603974073638e-07,0.00033798393283592735,-1.4977143395419545,0.003609281666363416,-0.01767692652364319,0.0008932677132924977,1.4768850572995518e-08,0.02533184494336109,0.4023699620310701
7dfbc0ed-e684-4966-8b59-fb6b9e80c129,0.674731182795699,-0.1184264851265721,-0.0848660028908752,2.1484191203294176e-07,0.07700650038137238,-1.146385481703277,0.0038887881016628225,0.027150187719537356,0.09611118105626165,7.611709803353939e-08,0.3376295572600647,0.4534337198451989
764c97c9-01d3-45cb-86bd-f8a52b5468da,0.6774193548387097,-0.1177910147000783,0.10262758496759662,3.3777023580781515e-07,0.6755970984529653,-0.1524182242865768,0.004884451291516093,-0.036832807659620506,0.3037134093254165,1.8104916445868569e-07,0.39362272754248495,0.17811386681358093
127f738d-afa1-42f6-a9a0-f33806667b84,0.6801075268817205,-0.1171894636968021,0.5225608157599578,5.769402409503132e-07,0.8642519554663423,-0.15112682742366035,0.006396979869166383,-0.03470374502230037,0.2932265616664379,2.2215731721607658e-07,0.011455435861287722,0.5565208897464128
4c6c8d3d-e4a3-490a-9211-cfbe7e6ee25b,0.6827956989247312,-0.1169078332759153,0.6890807083004724,7.820848702399683e-07,0.6985079701755408,-0.8419706841286123,0.007464971726232322,0.023257902221698535,0.08379925114011327,1.5490678224479896e-07,-0.18031238859103255,0.8324150606728937
131e0571-de86-415f-b3fb-dc9f971258d3,0.685483870967742,-0.1167448852970083,0.6901593180401844,8.867538054399111e-07,0.5036271782842772,-1.4244502788406859,0.007967849586038325,0.04324093361398239,-0.14766543058661585,2.238503771081323e-07,-0.1547837906647739,0.7950578266250863
44c2854e-3f8c-48e1-b4d5-1b5778d4fce4,0.6881720430107527,-0.1159689031974535,0.3937498471272407,1.229785624456233e-06,0.38894038884599297,-1.2744241543316226,0.009408206650765742,0.01348462607916684,-0.3249319246445335,2.650281653029565e-07,-0.18611537318039426,0.24388793454094648
dca004bf-9c14-45a1-b186-ab3759f6c7fe,0.6908602150537635,-0.1158455226739769,0.04029546875111736,1.4168101360458241e-06,0.13139643192348865,-1.422846563955044,0.010125832783893946,0.00530119140083184,-0.23249469255232158,1.40179067055036e-07,-0.24316334351059762,0.37870325474345473
55697871-b9aa-4acd-8dbe-dcd5391db8f0,0.6935483870967742,-0.115544279574421,-0.07123953797740244,1.510143758566305e-06,-0.0973862981752023,-1.364626309600164,0.010484586229616493,0.029658031833907146,0.048599191334226355,1.058455083997443e-09,-0.20192068820209014,0.5546081512614378
6fc5e56a-1f5e-4ff1-948e-5ef636ebb48d,0.696236559139785,-0.1153259878303358,0.13749385141957007,1.418927046213819e-06,-0.2724449444806916,-1.226644743097178,0.010194560446021685,0.017550376996174212,0.10401988154767378,-1.3174845764266228e-07,-0.13611584170872462,0.1083516376234256
e83e5700-f968-4978-bb78-56a83936ce8c,0.6989247311827957,-0.1150361672306847,0.1368002251179451,1.2466468432809804e-06,-0.3696179815926515,-1.033821208578097,0.009585783446959407,0.04106666650550187,-0.11430757107324999,-2.0668625762854226e-07,0.0008415477400564864,0.0752254302799899
28033279-cc74-4775-afdf-2497f6ddb55c,0.7016129032258065,-0.1147529303524672,-0.09112129072692991,1.0055545309567345e-06,-0.27076184900057865,-1.1550033089577247,0.008636356770405761,0.026448091211178616,-0.07058786452612924,-2.0549755012162476e-07,0.061489679659933585,0.14368489013502342
5f1399ef-8100-49e7-806f-9f532e55c0ba,0.7043010752688172,-0.1145873118757729,-0.0043755039343133795,8.356517430377308e-07,-0.24663862227278435,-1.2587157875023842,0.007894786242739165,0.1198286660783367,0.07146345352020851,-1.1768821874933896e-07,-0.02416583584170376,0.14667167204552606
c1e141af-bdd1-4176-8c0e-cf1ab0c1d9d3,0.706989247311828,-0.1143074549808454,0.05180561631348712,7.701780934580566e-07,-0.31909352068398616,-1.0327926388725734,0.00759811034700272,0.1477895704261066,-0.16624071154697256,-3.579862954366237e-08,0.04724202819334189,0.31833628549074866
32b77693-18e1-4692-8488-add1940c9e7c,0.7096774193548387,-0.1138037706747351,-0.3368569270282585,7.640544839504061e-07,-0.15215456588610057,-0.6999243655146734,0.007588237168198897,0.17174384705414425,-0.19965367817633037,-7.429272186282448e-08,0.21756813980541465,0.2859566865185156
a782f174-241d-42c6-9bc4-61cc39f8b397,0.7123655913978495,-0.1137727318335549,-0.3475017400391736,6.215926497324076e-07,0.11604275892684314,-1.2455646796569257,0.00686204675614067,0.25946810189326924,-0.025176357429441742,-5.705784930129051e-08,0.0854048006879333,0.2625162823333587
31d960d7-8f5b-4d22-bf5e-fae0849c4efd,0.7150537634408602,-0.1134680098781196,-0.38720964188714196,6.499387853478251e-07,0.018655035489766016,-1.2518821101347257,0.007032072153995961,0.2337832137135683,-0.019215556802564704,4.1847344119247596e-08,0.012810397042089437,0.3573200395904408
14c13b05-abfe-472e-83a9-b28f60e58ad8,0.717741935483871,-0.1129830397253543,-0.385932853644303,7.052873379709028e-07,0.14166355301102201,-1.1359562741090863,0.007343715650661125,0.10802518029464381,-0.059132691807889354,2.134687626831014e-08,0.0031474428577127275,0.44333648710589046
a8b4284d-cbbb-43e3-897b-d04af4bfba74,0.7204301075268817,-0.1129573960498731,-0.5054750255029207,6.926325378844454e-07,0.02494992120519147,-1.2741108167073831,0.007294033934480986,0.1022729225589605,0.13848122637490312,-4.4348913154014966e-08,-0.13451144808398935,0.7077263785669744
8632579e-d318-4dab-9994-d3945afc42ab,0.7231182795698925,-0.1129159399275214,-0.1089704008944968,6.165895116628729e-07,-0.1273593431569567,-1.393994032752668,0.00689656292134403,0.19681411490357675,0.3994710076561097,-8.416726070198121e-08,-0.1744628011478759,0.07981656753719688
a85e8208-a6f5-4e91-8f35-ef574f4273fc,0.7258064516129032,-0.1128391503514647,0.29346698980929875,5.242980164804829e-07,-0.32397568109056035,-1.3676655192582092,0.006371806364207201,0.21099004827551524,0.263780487967765,-8.864898027684686e-08,-0.20705159998570638,0.5299700297496791
639e1050-088a-48fe-a0ef-4a01a3468cac,0.728494623655914,-0.112688866711562,0.41859057504103314,4.3929155110917913e-07,-0.5414625431283695,-1.0869280582947487,0.005843047675490768,0.21914093071434312,0.012315299728810014,-9.502037117744515e-08,-0.1461778894483264,0.6562089395686367
0a94eecf-4db2-4846-8383-c83ff02e4a9f,0.7311827956989247,-0.1125317422099304,0.3180975892669188,3.3425727412559263e-07,-0.6163314599872132,-0.8733291854115586,0.0051061216904846,0.18609291780818907,-0.006129858699104901,-1.0775987365156426e-07,-0.0301714830042617,0.31966241958375596
07dc5a1d-64b7-42ba-928e-9753bd533c1e,0.7338709677419355,-0.112526337756591,0.40633085764282334,2.237718038060506e-07,-0.6018055091368929,-1.0381037725085813,0.00418443777960556,0.16134897007625804,-0.06600201116584213,-5.069655535855199e-08,0.13867863957156423,0.32361272903179095
1e0789d6-7efb-4807-8d36-cd9224675a0c,0.7365591397849462,-0.1120732901376637,0.18609356693523452,2.3286416340848865e-07,-0.3389741808440847,-0.23267847412772102,0.0042751471039525046,0.1317231994601663,-0.11420521449524332,1.9449844004375423e-09,0.48228657601435404,0.20490458148053145
9c45eaec-d854-4f51-80a3-2d80d6b4aebc,0.739247311827957,-0.1118056651208401,0.1779204286523367,2.276617726069257e-07,0.3627676428918152,-0.324609903980313,0.004234501480996908,0.12559784952568603,0.1816931419727208,1.4823846263225611e-08,0.5546239045860137,0.27065243936354405
57a2044d-20cc-4d02-b268-ce570a0fabe3,0.7419354838709677,-0.1115343052368491,0.5494798508806761,2.6251185593493987e-07,0.7702736283279427,-0.8073729920284531,0.004554887291234708,0.14939245486789773,0.15089069160262528,4.942457211228539e-08,0.042396802874788336,0.37570040158087625
df5ab6cc-6f68-4b6b-95e2-954c6b57ba9c,0.7446236559139785,-0.1114579245503323,0.47970181185758726,3.265109168314965e-07,0.44756124864139185,-1.3469408081246521,0.005086760108725158,0.13044692954436798,-0.12039125216981997,6.081322362770056e-08,-0.2764398258598936,0.323583639025398
cab7bdbc-0a11-4901-97c3-26b884f79cb5,0.7473118279569894,-0.1112353430964584,0.30869734654103614,3.84138303190341e-07,0.21739397660815551,-1.4947203591354492,0.005525893235302436,0.13465754737794122,-0.14540419455752124,3.7427560737021e-08,-0.2343868436592732,0.03281257888103983
26a12266-c6d8-42f9-bd4e-5093d827ac9a,0.7500000000000001,-0.1111409201937179,0.1888934227425448,4.0136603830553847e-07,-0.02121243867715456,-1.5468413697175925,0.005657399372427224,-0.05821870413409219,-0.0020908035524104807,-1.372963477973565e-09,-0.23407849038569237,0.19930709382377826
d655bbf6-c710-411d-aff5-ceb0fb6e6680,0.7526881720430109,-0.1110489543619417,0.3045157394362152,3.8139237623439386e-07,-0.2507630041632292,-1.461325214672602,0.005523665377096961,-0.05391683203722386,-0.08632014392000505,1.4063161393125289e-08,-0.04106495144331497,0.05690822043426095
02f9668c-71e6-485f-88b1-b37dc8bdd2ab,0.7553763440860216,-0.110503173168516,0.01625313490253472,4.2949236109178905e-07,-0.10334234156378451,-0.8894917146356645,0.005873120676804626,-0.05761905085963538,-0.011167343093149318,1.8305555415320308e-07,0.5137094475206359,0.6024901238854051
3470b1af-689f-467a-9f9e-de74088f9b94,0.7580645161290324,-0.1094106591929987,0.28218105324991655,7.475034845408e-07,0.7766558908780425,0.3934409405439081,0.007769878869544382,-0.03999322972184244,0.2615484873874426,2.423264201107586e-07,0.4693001987325018,0.110399854086185
1a09207e-9184-4f32-bd07-a9f4dc6c825d,0.7607526881720431,-0.1092361261638098,0.5393501096774199,9.141452013133063e-07,0.835258055901219,-0.5672409152928388,0.008617896656113646,-0.07388308383391315,0.11630119085831384,1.443872451877555e-07,-0.10870722328803945,0.35239062557452683
e831369c-78c0-4c75-9cf3-f46ed669312e,0.7634408602150539,-0.1091477055882086,0.5147834349665442,1.036277974916311e-06,0.5592414443019637,-1.331513491789762,0.009199803705167127,0.003381906238915668,-0.05433847439764819,9.573384627045672e-08,-0.2912922439866262,0.2808219840345815
b079a153-62f9-4026-a2f8-a1390168bbb9,0.7661290322580646,-0.1089954158490716,0.43067316088212354,1.1056128938542197e-06,0.2526735679279667,-1.7195655903071048,0.009526784962552702,0.05864596530265296,-0.06380430698725906,7.278243309180046e-08,-0.29936220434066857,0.09044416911772926
4aadf2a2-ce1e-4f94-b146-59292e83e7fd,0.7688172043010754,-0.108682038732784,0.3871748209920261,1.181842841099912e-06,-0.03948296437937349,-1.7430126025851418,0.00987525817977187,0.05064176696007068,-0.012697916802318465,3.055575896813684e-08,-0.27792859856875896,0.0706695324986156
3e0c34cb-fca5-4bcf-a5c1-5a7d286dd072,0.7715053763440861,-0.1084592336243481,0.4052773272774866,1.1667244117904934e-06,-0.3031836292095513,-1.563053669909795,0.009838691666455375,0.04687889665157655,0.04595305629351634,-4.859384193828936e-08,-0.27901583255293233,0.00447222518114357
7d8eab0a-e6c8-4449-9ebf-50c41db94a06,0.7741935483870969,-0.1082934528639713,0.4790809335790588,1.0846551572233332e-06,-0.5975146294852381,-1.1079193360885522,0.009511836452065344,0.01958889681626476,0.019562436865568744,-1.1962459195554627e-07,-0.24322883044487084,0.07389118632950593
eeb42912-0c7a-46bb-bd95-369b2b425727,0.7768817204301076,-0.1079721685630366,0.4444022010086241,9.274752278794009e-07,-0.789641290099293,-0.34929380070504257,0.00882121455114412,0.1335950667142544,-0.24705540627647732,-7.144993129295384e-08,0.40795859021381464,0.023800222800845913
c113808a-773f-4179-82d6-9083518404b5,0.7795698924731184,-0.1068503615827285,-0.015029878973895855,9.417552946374255e-07,0.21840255094239117,0.2286001232376771,0.008923180305815612,0.10180238232348916,0.06333959887334148,9.839004990340563e-08,0.8836330168341546,0.7261184486887571
fb4cc403-694c-421f-b360-3108b6d57ad5,0.7822580645161291,-0.106194822383076,0.5710813987553071,1.1242553276862121e-06,0.9776247435690163,-0.25945609721598517,0.009788293722942246,0.06764410099576511,0.3125550175936978,2.804331019816837e-07,0.22836796170365786,0.3621900883726026
2c0a725a-e829-4d84-89d9-d0d47f6cfa37,0.7849462365591399,-0.105914170244765,0.6100801562134998,1.502621498600793e-06,0.6751384743497069,-1.0599729104997824,0.011352810745905013,0.07162537788315022,-0.03539315081828892,2.873799384551873e-07,-0.3228994211199341,0.508187524049435
19089ae0-b590-4649-9d94-a147fa506e32,0.7876344086021506,-0.1058522429226148,0.5002950971187292,1.6990152045965867e-06,0.33182590132914813,-1.5413568010811425,0.012109896521512618,0.1227925005862569,-0.2124760381870195,3.262407787472415e-07,-0.2023477501573282,0.37319238646350866
f4e047a5-bdb2-4bc2-aff0-e0f45bcc9062,0.7903225806451614,-0.1047513059594781,0.18512807983946075,2.155103056095276e-06,0.27044297403505047,-1.3404155370635171,0.013694725433141786,0.08027849548851801,-0.2076681152353195,4.023665785916246e-07,-0.08684657039545386,0.08519425349677219
ba49b428-246d-46d2-b549-39a5fc8f7003,0.7930107526881721,-0.1042614034184262,0.08495886664809021,2.503748361779836e-06,0.1581327605382404,-1.3211330697066175,0.014826437999041457,0.03708193728038275,-0.13401038538510804,1.9174501714360886e-07,-0.18240688241587263,0.14321914650097978
b612d491-7442-4119-a53c-5ebcc35c31f4,0.7956989247311829,-0.1042502613323681,-0.08289269093075533,2.5385930903824937e-06,-0.09437079079669479,-1.3451493916249118,0.014991505102342172,0.018503063938001343,-0.002924783769754795,-7.349424394486588e-09,-0.21415015853266373,0.409429810131454
beb63625-d9bf-4ccd-bc53-635b53d24240,0.7983870967741936,-0.1037209235853082,0.07910929910858062,2.489049512990863e-06,-0.270167556527087,-1.142803196731029,0.01491097406904389,0.026265449938008285,0.00906647349854122,-1.8250823779744644e-07,-0.13119737686418792,0.014771429187906554
dde411b2-5d2b-4638-8149-89bc1eb3c7ad,0.8010752688172044,-0.1034123406939312,-0.06475974393367288,2.1735766147876008e-06,-0.35676554452507064,-0.9543640450505064,0.01399860866760575,0.0013227937414987004,-0.16119143358941973,-2.2976264963279189e-07,0.19410887966152934,0.12490454256292435
f38d49b7-6cad-4460-abd0-3685a3b2d941,0.8037634408602151,-0.1023292985048919,-0.24327356807025885,2.029524213725279e-06,0.1180502027959717,-1.0231889082922223,0.013599648787529056,-0.03138223835230998,-0.045390964635598156,-4.8852210026890266e-08,0.24134356525658424,0.3671199166734172
ea923671-3903-4a79-830d-e7e4b1eabab0,0.8064516129032259,-0.1020937045110594,-0.1555416732048692,2.0758721947338203e-06,0.1259215859880978,-1.1463593263055438,0.013816798233483377,-0.029059157935697504,0.0315157045590332,2.3599233739512117e-07,0.03903361718709315,0.10705403630923846
f88c0259-58ff-4bcc-a777-7705cdbd8213,0.8091397849462366,-0.1010999075796472,-0.18024215895219245,2.5015088885155214e-06,0.196117437170158,-0.9484665599257465,0.015241764686932537,-0.013652812857460289,0.04749192030075068,2.7342857449986283e-07,-0.01789423019908417,0.03974890779807326
aedde4a5-6520-40b9-9721-c9b826490b7a,0.8118279569892474,-0.1009041808060097,-0.06055783260336783,2.622729343733546e-06,0.09013312558992946,-1.0728189135094546,0.01568241112103108,-0.03897712821961008,0.1354969823806801,-4.678344646905975e-08,-0.01595648415154735,0.21554372697287708
0dc41cd5-0672-407c-9b4a-0f5f3970aa54,0.8145161290322581,-0.1005105957419057,0.09075180580916772,2.407941995577402e-06,0.1642044688670633,-1.4794867862669114,0.015104674887440472,-0.07297568416815532,-0.1884351807633892,2.2342968074453575e-07,0.09511338454871263,0.4931874171569445
cbdabbcd-d8f1-4d7c-9e18-ebd83d888c51,0.8172043010752689,-0.0990969079237023,-0.4374281941301462,3.0695887052226174e-06,0.2803598946873547,-1.0795728307601256,0.017148471045714743,-0.042873809426742585,-0.30606680926176916,4.979158014632793e-07,-0.04013138638259145,0.46835611095784796
5d73b382-3da3-4220-890e-2095228bbe6c,0.8198924731182796,-0.0989769031319589,-0.5213818127143706,3.4037735985039605e-06,0.0839416961018804,-1.1945601107891313,0.018151720788026543,-0.02943528156637165,0.043943933715264116,2.8606176188258566e-08,-0.19072806297049852,0.6790929085477648
74a0264d-1d31-430d-9a88-e7334c8aa96c,0.8225806451612904,-0.0989734621778314,-0.349540326699618,3.1268010575991346e-06,-0.10109623125364231,-1.2855172431625614,0.01748832384270728,0.028543048188602982,0.2652511052773056,-3.5098820035182686e-07,-0.1951011709861065,0.42248683127461334
13ae9d83-a22f-451f-88bb-686051725cf3,0.8252688172043011,-0.0987837443275806,0.009120397840240607,2.701797197800307e-06,-0.3062606458703326,-1.2142760669160744,0.016336169906350725,0.04765568044020983,0.24027342464788504,-4.261717905891243e-07,-0.061334812388735685,0.15600314484493544
94067eb7-98b7-4975-bab1-c09e1b454a25,0.8279569892473119,-0.0979912126216397,0.13100652259615206,2.274457476420886e-06,-0.22376585603111368,-1.3415266873450717,0.01506985273141898,0.05149022662266064,0.04692167366494999,-2.656473408193767e-07,0.007443552425494104,0.380917475447585
b89267a4-0e6b-401e-85b0-e66775858aa6,0.8306451612903226,-0.0975389597438212,0.10296374517014058,2.1705025161615534e-06,-0.2913735410193444,-1.0879288049102958,0.014792244393787679,0.10593364998481077,-0.01205812725780396,-2.6486914589022865e-07,-0.027872964533319652,0.2778721867406513
79d33c28-a7e2-4fca-8be1-a16fb6d68d49,0.8333333333333334,-0.097465317531108,0.10689026808054414,1.7447191846404286e-06,-0.279511785097753,-1.203649741057219,0.013324153158535319,0.129573832400135,0.017712434013208024,-3.2990128434044277e-07,-0.10916256515743214,0.17271902021382557
cac80259-3a26-4a99-b0d3-13454068e6ed,0.8360215053763441,-0.0973566670676771,0.13838861319655663,1.5106999474806678e-06,-0.5096986713342087,-0.8463207324859661,0.012445401926993603,0.1039151074125718,-0.12627551750319088,-3.1840154593637024e-07,-0.16922130676873537,0.07381393026039496
4563e4e0-a661-46de-ad25-9c86a621e147,0.8387096774193549,-0.0972373235919414,-0.14566076692583763,1.1079160927676881e-06,-0.6179543986352237,-0.5016550480124513,0.010697658999057122,0.02713853356111158,0.12966618746479103,-3.970827468671413e-07,0.18565810856078316,0.5550445955475954
bc42fe2d-1a33-428d-a601-b1871f4c8d9b,0.8413978494623656,-0.0968843828717382,0.3977209881261387,7.165344537463852e-07,-0.13838245421264234,-1.6303473123946528,0.0086349012222037,0.012933658223780495,0.18482696470806984,-1.1086919464778298e-07,0.29701720148506394,0.2993138969715777
4ad9784e-1edc-4186-9b45-4dfe0003f74b,0.8440860215053764,-0.0961511885630532,0.22399316249030204,8.861777034721222e-07,-0.02391999566509584,-0.9800239182906263,0.009631772610319606,0.04179405952136611,-0.017897985760531226,1.3335140510992532e-07,0.035865995302783595,0.09894092773092476
dbbee8f5-d83d-4195-85cf-f89d327da0a9,0.8467741935483871,-0.0959033634912008,0.36192501660507626,9.832372639662358e-07,-0.06665046360707515,-0.7866167573320171,0.010177541251097696,0.03130619838387908,0.0758252333892771,1.2712527741055435e-07,0.14943288785389813,0.12203350346688263
b728e6e8-a0e4-496b-904c-6f07c12e901f,0.8494623655913979,-0.0951312366714388,0.37564362926885625,1.1404282582932309e-06,0.2749457800427004,-0.5521860270510155,0.011004334313206705,0.029664746246173296,0.12778888352085188,1.4139772945293208e-07,0.33989520467797557,0.14276608379134278
3eb37b12-b8b4-40a3-bd8b-f89fc39c05fa,0.8521505376344086,-0.0946169585011975,0.61750278364678,1.2660327228721e-06,0.613139945748876,-0.9395942342315693,0.01164450410127334,0.035170589116347725,0.10962910465422224,1.970518744776259e-07,0.09291513518831318,0.6183912978041868
b95720b1-aa00-4c6a-b202-3350d035829f,0.8548387096774194,-0.0942444762786771,0.5949018385773007,1.5345320072484827e-06,0.4607760504193268,-1.2954017919479972,0.012869858084358575,0.02520146982102462,-0.17274653506402973,4.106436376188997e-07,-0.12095493479290498,0.5438144250051555
e457344d-76fb-46bf-b362-61a6e811d131,0.8575268817204301,-0.0933588263779093,0.27200971351872055,2.0873199981098994e-06,0.371230076163066,-1.1877627057891242,0.015075457031879885,0.06363345004537124,-0.23727747939312568,6.225974054961216e-07,-0.059365111629732875,0.030552775206229794
e76258b7-e13a-4b05-855b-d792701ffba1,0.860215053763441,-0.0924592084103266,0.12034687979104935,2.779726818240726e-06,0.34204582715986104,-1.0602298948251654,0.01748846083004833,0.0618633527108006,-0.22458180554048898,4.6539536047611905e-07,-0.12142415658736559,0.3577804747768621
d761bc06-dee8-478a-be99-8af9c504e49c,0.8629032258064517,-0.09238333419247,-0.1771538975622574,3.0181107190621375e-06,0.12838176298833484,-1.2629695621737675,0.018318488643872217,0.059769983606722886,-0.03560312371035572,1.1397805837590847e-08,-0.21004688892304502,0.9100083417015156
cbe23011-93b7-4e9f-b934-bd0122f91f54,0.8655913978494625,-0.092343905489366,0.049140632370337924,2.8025224299159075e-06,-0.07804795068622897,-1.3823620754524917,0.017743663225648916,0.05101197050529379,0.3092141143601955,-3.02013672389944e-07,-0.17849779867808388,0.5287375935845553
ac6a3df9-41b1-4e5a-a15e-f44481384c23,0.8682795698924732,-0.0920509305767536,0.44127433115813364,2.4140833742822495e-06,-0.22861383436783292,-1.4644588518870898,0.016552953251991697,0.10012686118782,0.24701306652279442,-3.090484360800775e-07,-0.16543302880381644,0.23977213618537252
268c01b3-d2ce-44c0-a2fe-ea846a1253cc,0.870967741935484,-0.0915706910266726,0.5431667654159268,2.1844255577557525e-06,-0.4089140082938619,-1.233521278462832,0.015823133325090773,0.12356084643334254,0.054428915338754214,-3.481983087314285e-07,-0.12870619577945774,0.538922079844444
a72dd578-3a6f-4807-a843-4a942500944e,0.8736559139784947,-0.0913879824402525,0.5501321618356421,1.7176867568193925e-06,-0.4860262259267484,-1.1782999471360485,0.014099391607146454,0.11574424280118055,-0.038392050488841284,-3.2288687052272725e-07,-0.005173414239984991,0.5752514089396751
20ccd267-74e5-4574-a8e1-028bcd74aaeb,0.8763440860215055,-0.0906985036263764,0.4663826644382442,1.538651816710298e-06,-0.41926083677383186,-0.7882496467173263,0.01340832537159626,0.029883325875593975,-0.17700358877985922,-2.1017407725328996e-07,0.05658584693177529,0.49301137055438343
286cbae3-8324-43b7-9b20-0f40dda1588e,0.8790322580645162,-0.0905283264005728,0.19612498427592365,1.2973386023128126e-06,-0.3728545320631978,-0.5110417138550911,0.012366724701621243,0.033396744443326576,-0.2940015994317543,-2.7889022266285843e-07,0.2113088597941556,0.0789229904378038
39aec099-a33e-47a4-a602-cbf65ddd3830,0.881720430107527,-0.0902838194232991,-0.12162053442526434,9.808713713845811e-07,0.0033568828144793085,-1.0456548068223401,0.010799550028697445,0.06170251751341611,-0.02547446067225277,-1.6165824710126292e-07,0.33584084428717165,0.399406167771541
27e2438d-bd01-4c50-9102-563276ed9922,0.8844086021505377,-0.0897058571600382,0.1451760629314181,9.740221081102867e-07,0.2988271565111455,-1.305815822910227,0.01080481732407365,0.04279238405999982,-0.060309862148291975,1.120452641431073e-07,0.09499130695057098,0.22338738276691528
4881a390-c4e4-48b4-ae66-140c64a87614,0.8870967741935485,-0.0892542901030187,-0.2422402587218483,1.2049618996707957e-06,0.19333949671562126,-1.2280937775701224,0.012059968702462233,0.07620422075123351,-0.3186398636712582,1.4197832256993767e-07,-0.16264534873229652,0.2960783056407957
abe658e0-33f9-4f57-849b-dec4d20964d6,0.8897849462365592,-0.0891894078065863,-0.4921036644110982,1.257978753250162e-06,-0.026463540953447537,-1.2826369653509566,0.012365816551971729,0.1270985833969231,-0.10212363409996553,3.0234698204265935e-08,-0.1206728916941974,0.6008211636200546
3d8fd9b2-9aa2-4c81-8843-535ae66d6140,0.89247311827957,-0.0886735251947812,-0.44648752692177934,1.2654312960793276e-06,-0.04800628667277355,-1.2179535452888148,0.01245278360990501,0.13400594965505558,0.046081133143906494,-4.512278556989622e-08,-0.036738668820735274,0.5027147475028149
4138aca8-e085-45fb-b353-74852efe61bf,0.8951612903225807,-0.0885123654100384,-0.3999413981232852,1.1677331821103696e-06,-0.09994087859491808,-1.286820448872672,0.012009461111935694,0.10709160555429285,0.03389075417676163,-5.802696089291967e-08,-0.048216871996058314,0.4650734298910165
e7af286b-3dec-4cf2-8fbd-fa64b3efdf7f,0.8978494623655915,-0.0880896119897688,-0.3787060185682561,1.1493773742934883e-06,-0.14444003066489017,-1.1534852905774131,0.011960971264438855,0.1348648294896391,0.10350872096084494,1.81679739981148e-07,0.3342096630001452,0.5290806394069433
9382987c-b5b3-48fe-8194-4d83fe340cd0,0.9005376344086022,-0.0866764473397544,-0.19292395620159533,1.5310926620726656e-06,0.5684784474053723,-0.34437431757007975,0.013877932071009538,0.15363370781333802,0.3685452078587236,4.3001186418159196e-07,0.34295187331615307,0.22630921235816073
605baa86-79e3-484d-82d2-4de27d405ba1,0.903225806451613,-0.0862153951770828,0.35838439714919107,2.009401102656672e-06,0.5414637159674159,-0.7275855686801362,0.01597888676642968,0.06695741351237085,0.3068704274219057,8.535441871260502e-07,0.12257588666934754,0.6658343842031167
eecaa5cd-0b69-4af2-a782-035025f207b6,0.9059139784946237,-0.0844668574644412,0.42081689864221605,3.238181036324766e-06,0.8136302207440674,-0.353797976171232,0.02042402544608207,0.038942933954993236,0.03774281460972309,9.050819066817394e-07,0.023953977712150853,0.7132748478990661
b6202d8d-dd3c-4fa2-9242-6e55759846af,0.9086021505376345,-0.0844494272879472,0.43387002636863725,3.819564916020151e-06,0.5893716713917176,-1.1198815555792672,0.022329714582102707,0.007752551239880416,-0.07732002224174667,4.7585391722426254e-07,-0.26324950523251456,0.6678075783975693
654c6f5c-3e5c-49f0-b53f-87cd9797d7c9,0.9112903225806452,-0.0841849988085121,0.2661768541587227,4.189888870773291e-06,0.28713121027903826,-1.5417381522580225,0.023535619091666356,0.25315234002350406,-0.10865399458179659,2.6692347941319673e-07,-0.3089069905043031,0.32474911667014733
9cdca5d8-ea77-4df9-b2ba-0d5e8ec37bcd,0.913978494623656,-0.0838767442960112,0.21656203720504408,4.353411874846544e-06,-0.02844230961688852,-1.6462651068611294,0.024139756746318377,0.28798924817218796,-0.20132083289505498,5.349026788682769e-07,-0.1064989785548593,0.1992991976027875
cc53bf9e-5e27-4305-a08b-552120c10aa5,0.9166666666666667,-0.0818331339152459,-0.13646481163138727,5.259694228509845e-06,0.07413325316931965,-1.1305222853528094,0.02676149177013148,0.23643324130000765,-0.12998843044057315,7.020346090329715e-07,0.002700834914973072,0.4530182584773018
8e87ddca-f43e-4c6f-9d5b-430b666a7f6c,0.9193548387096775,-0.081378546041485,-0.0434148236761022,5.757481092912487e-06,-0.023040639786942374,-1.0327369574050977,0.02823963384008469,0.18231379161171662,0.014327762931187094,7.755241275342529e-08,-0.09623845939757528,0.2223252574872758
01f493d4-229d-47a6-baa8-32a342c65d01,0.9220430107526882,-0.0810990327670316,-0.10780928576901308,5.414799054016695e-06,-0.11834366562583089,-1.0266710934081869,0.027627382424911393,0.18831903731345342,-0.06913691574954167,2.3214920968685347e-07,0.20507352299307768,0.1949811338385619
85a57cfe-f1c9-44d9-8b50-022c0d3438d1,0.924731182795699,-0.0786510873394396,-0.18168865517518554,6.221779512286194e-06,0.387106406199213,-0.7298801055974442,0.029950224101787933,0.1685140297845332,0.03810335788697802,6.470637169462902e-07,0.2089082561375588,0.20778675886642542
b3c267aa-345d-40d8-a8da-f9f08c64f9c7,0.9274193548387097,-0.0785373010308336,-0.03160256999505704,6.708926487909276e-06,0.29947284664928675,-1.0868793073823515,0.031407578860677056,0.16371718071902,0.071523909570817,3.602779770170997e-07,-0.05392238948726652,0.12943827155278026
3a8ca50f-bc9f-4250-8c8d-22893763ea46,0.9301075268817205,-0.0776191103914072,-0.03864083603355154,6.942335466320394e-06,0.27926162722467995,-1.4081028692339534,0.03228579027330329,0.2142365847210565,-0.1599201479792147,4.737781721158517e-07,-0.14768108702087226,0.13217975682478222
e394e9ec-7288-4ede-9ef8-41b631d100dd,0.9327956989247312,-0.0771424284121257,-0.35144286595348645,7.65648283214098e-06,0.004110672607542221,-1.4706634711996727,0.03421280255145204,0.15404407223448333,-0.09615570234376683,3.153346762323574e-07,-0.25576826479632847,0.507014648557336
ec3f3f11-75df-4fcc-ba03-f19aca907645,0.935483870967742,-0.0766176916852739,-0.2309522407210852,7.5730048187851086e-06,-0.23227490236797696,-1.348028958012694,0.03435849186742515,0.20856491695288384,0.11684495890046287,-4.839215315389023e-07,-0.21585243785040126,0.2884994159075124
227f945f-76fd-4a63-9609-d4e730a3d22a,0.9381720430107527,-0.0762016720021676,-0.1177529481525607,6.688639769063175e-06,-0.4275942030932603,-1.1117805350358791,0.032615151797218474,-0.019482919091346133,0.1879226099299537,-1.315167059619593e-06,-0.09167667931929559,0.1542950279972728
1c111912-c664-42f5-9802-065b1994a2f4,0.9408602150537635,-0.075879917071886,0.14489297913882215,4.942670699545923e-06,-0.41562826100656813,-1.3327642552079406,0.02832261545678427,-0.01668887874680038,0.17952639943717186,-1.2112944512904802e-06,-0.11969535748036389,0.242747497361328
76e96b5a-b565-42c7-a651-34d5132e6dde,0.9435483870967742,-0.0754827401044938,0.241299850721783,4.266050866482214e-06,-0.6669849180539881,-0.8206163691327717,0.026527315424377165,-0.01189482461524518,-0.12762951151036683,-8.991265891670724e-07,-0.2658293062829337,0.37638229335546025
64b0461f-038d-4712-948e-818dc2f10eef,0.946236559139785,-0.0754552772671569,-0.11036604388191154,3.144417521211778e-06,-0.9472868735724356,0.09293749882972602,0.02294916641482984,0.022488552501683103,0.026948042308989256,-1.253060242828933e-06,0.18308559298412516,0.33767630433401125
c6ed47f4-358b-4f06-b5cd-cdf1d5c47b43,0.9489247311827957,-0.0747769344209197,0.2951959353397615,1.759930380824348e-06,-0.30081373208573775,-1.1439492273802223,0.017310617417748596,0.031633798772734575,0.1892913115433108,-7.112304143476476e-07,0.3267741419020239,0.25976563704910616
be85f845-b281-467c-8b97-bed7b7fdff64,0.9516129032258065,-0.0742605292921049,0.26821657920471004,1.7219566925164828e-06,-0.2937385897683878,-0.7678293251892181,0.017221508356187586,0.0456039771389336,-0.05717163223112655,1.25714507550115e-07,0.4063062646856138,0.07926339322808909
75c3004d-1ef4-49f9-86e0-1bb7b9553a3d,0.9543010752688172,-0.0728303287024889,0.18085267087750842,2.011359395924578e-06,0.5117987972854899,-0.33692450836405197,0.01875296322461898,0.02882832122962035,0.0709167890789569,1.5414219066214622e-06,0.8314406971741789,0.2708545063727106
2d3ce817-b269-4662-a92d-392bd3662399,0.956989247311828,-0.0696750567985299,0.41005015736262385,4.804800505759407e-06,1.36914280457997,1.1029945240822165,0.029291987009198536,0.11744625041624135,0.20682225190505493,2.4901913702295605e-06,0.2387272759536025,0.1884626777126862
7144a65f-a63f-4b79-8fe2-cfe48696de03,0.9596774193548387,-0.0692409521169362,0.5944971746876183,6.991742136383699e-06,0.9892533491926949,-0.5175242324055893,0.035711978804015256,0.25154140584633466,0.0777046379071532,2.8682989990652414e-06,-0.3028890625861272,0.5038662129816882
9fd08502-355b-4f5a-a25c-73ec7184f6d3,0.9623655913978495,-0.0671463790236922,0.5654594331769303,1.054139850388989e-05,0.7633646794077157,-0.9598724418122884,0.044418263081895115,0.2409732108537001,-0.06548755440093984,5.3265030329483946e-06,-0.11572309805384784,0.42887487529557217
96e013d9-8e89-46a7-8d07-bae95af36708,0.9650537634408602,-0.0636421573246568,0.46352206588573863,1.764474820228049e-05,0.7578071530849992,-0.7038538383499238,0.05847191125974344,0.22801128955801378,-0.07151326081228554,1.1273958715312484e-05,0.06715160196786613,0.2908187638196177
b54865b6-824e-4163-b759-21a6eacc98ce,0.967741935483871,-0.058176233095357,0.4224329115523592,3.308931593451486e-05,0.8976678833434479,-0.2554127092622318,0.08209563940685391,0.10873111069164058,-0.02881559123517899,1.235234147223811e-05,-0.1055914999164454,0.23315869344845966
849031de-ac8a-4012-9362-d192512997f1,0.9704301075268817,-0.0581185635974298,0.40589088341538065,4.234943114675671e-05,0.5466241532521084,-1.0756741082632948,0.09523533758247668,0.15046914164090822,-0.12769209981897,1.0989509338992724e-05,-0.24637793530430258,0.3139451230289313
c59d90a6-9cda-426d-b8ea-41f0a87033d5,0.9731182795698925,-0.0537629808173545,0.1670487119144192,5.506833461250031e-05,0.4049120127348428,-1.2102076692649182,0.11215940757878043,0.15671603884378676,-0.21781716526392006,9.211925570640876e-06,-0.19279458816089937,0.29419721830210155
2c30dc20-18a8-44f9-ab10-558c1e5634dc,0.9758064516129034,-0.0530135341090021,-0.02974344711245948,6.077328228803846e-05,0.16103497693030971,-1.431757158183973,0.12183352984617234,0.1732661360660708,-0.0716564579085189,1.9566343821026176e-06,-0.23577199564889892,0.4866235399980515
8a84b03a-e37e-4827-98f0-4d480ec31037,0.9784946236559141,-0.0522435039157442,0.02373579609738137,5.898160337670554e-05,-0.06663197856295507,-1.5312477057818317,0.12430123809772241,0.17063988644921926,-0.08269455893082281,1.6100674488448795e-06,-0.08218034481535376,0.11785447309852388
57cdaa1c-4e94-4a28-ab3b-300c0457555f,0.9811827956989249,-0.0463895951117902,-0.1951325649741051,6.399341718572822e-05,-0.0033257127003977938,-1.2458436582954755,0.13526323001335674,0.0819663532840928,-0.10180530690137063,3.368882742542094e-06,-0.04983890993506792,0.34594747173051155
64dcf1a5-c78c-4d3f-852c-15865b3b6189,0.9838709677419356,-0.0455503797109271,-0.17987481770535987,6.571936886178973e-05,-0.1663097984330909,-1.1050034828651272,0.14290451288376302,0.03797548132113621,-0.040920199634007545,-6.119040495095748e-07,-0.07568465167565169,0.17950268286327636
0ec6ed47-db99-4273-9823-ffbde6a77091,0.9865591397849464,-0.0425400858038919,-0.2769729642421202,6.276960908670907e-05,-0.1546950160517012,-0.974259523993533,0.14655883242868223,0.03982028528582408,-0.21534931581387584,-6.1492149142727065e-06,0.026950612179545898,0.3178970211657911
d259eeb2-d15e-436d-9d37-2d0b7658bc91,0.9892473118279571,-0.0417417602393369,-0.6105734493331115,5.342093903324432e-05,-0.11240857407399911,-1.135762332960178,0.14187235603682688,0.13893381999474408,-0.10175109114255321,-7.233760642917437e-06,0.09238881893897319,1.4656394004414137
81e7cca8-2d71-4446-9692-872c2fe68d0a,0.9919354838709679,-0.0387562447014974,-0.4804751465272266,4.8302087800874196e-05,0.030082621826245177,-1.3801171476776688,0.1417514023393052,0.158601348738373,0.1874216590408494,7.305412834912864e-06,0.24141968575781428,1.7722912409282987
0c53b010-4243-4da3-a059-7f54c9a850ec,0.9946236559139786,-0.0306754619077179,-0.23573013125141276,6.803176470307004e-05,0.37043079744162943,-0.6203863135282481,0.1782255329701345,0.24468093940122865,0.36134153349771114,5.938833555343571e-05,0.6768400164781836,1.5143707531724264
23d0681a-912a-408f-b19a-0bbcf5ffc2f3,0.9973118279569894,-0.0108533234094626,0.24220792046819567,0.00016707875890774562,1.3837626547826123,1.226279833092872,0.31107242008810154,0.07032729118998089,0.4221228046826837,0.00011694280612763023,0.3656306228086269,0.26903622794302584
7f6898e2-a840-4ad1-80f7-783f8b766fcc,1.0,-0.0010494746071577,0.6085154781139547,0.0003019173769583305,1.1016920430588832,-0.12408537127841779,0.47891758051745226,0.007801959260961404,,,,2.367309798120276
