mean_predicted,fraction_positive,calibration_gap
0.5,0.2911111111111111,0.2088888888888889
