mean_predicted,fraction_positive,calibration_gap
0.0016348195329087048,0.0,0.0016348195329087048
0.25916666666666666,0.25,0.009166666666666656
0.33666666666666667,0.0,0.33666666666666667
0.45666666666666667,1.0,0.5433333333333333
0.6733333333333333,1.0,0.32666666666666666
0.75,0.0,0.75
0.8756944444444446,1.0,0.12430555555555545
0.9950697496947503,1.0,0.004930250305249739
