mean_predicted,fraction_positive,calibration_gap
0.0035843363538155004,0.0,0.0035843363538155004
0.13900995135101707,0.0,0.13900995135101707
0.2341843406118905,0.0,0.2341843406118905
0.4806044672052433,0.0,0.4806044672052433
0.7264708252888581,1.0,0.2735291747111419
0.9959640935675456,1.0,0.004035906432454439
