mean_predicted,fraction_positive,calibration_gap
0.016290214611420172,0.0,0.016290214611420172
0.1344381305736788,0.0,0.1344381305736788
0.24193154444515216,0.14285714285714285,0.09907440158800931
0.3471513507177739,0.0,0.3471513507177739
0.4320162791910924,1.0,0.5679837208089076
0.5293815709390725,0.0,0.5293815709390725
0.6729127660444648,1.0,0.3270872339555352
0.7818013935427676,1.0,0.21819860645723244
0.8635210092782405,0.9,0.03647899072175953
0.9866490695134585,1.0,0.013350930486541457
