,auroc,auroc_ci_lo,auroc_ci_hi,auprc,brier,ece,optimal_threshold,optimal_sensitivity,optimal_specificity,sens_at_alert_thresh,spec_at_alert_thresh,ppv_at_alert_thresh,npv_at_alert_thresh,number_needed_to_screen,net_benefit,tp,fp,fn,tn
Logistic Regression,1.0,0.9999999999999999,1.0,1.0,0.00113,0.00679,0.7058,1.0,1.0,0.9924,1.0,1.0,0.9969,1.0,0.28889,130.0,0.0,1.0,319.0
Random Forest,0.9998803512886165,0.9995524725889461,1.0,0.9997090425385646,0.00468,0.00843,0.3,1.0,0.9937,0.9695,0.9969,0.9922,0.9876,1.01,0.27651,127.0,1.0,4.0,318.0
ODE Physics Only,0.5,0.5,0.5,0.2911111111111111,0.25,0.20889,inf,0.0,1.0,0.0,1.0,0.0,0.7089,100000000.0,0.0,0.0,0.0,131.0,319.0
MPS Model (Phase 4),0.9990428103089329,0.9977280677426984,0.9999229980978868,0.9977766411626259,0.01297,0.03537,0.6643,0.9771,0.9969,0.9618,0.9969,0.9921,0.9845,1.01,0.27429,126.0,1.0,5.0,318.0
