{
  "n_metastatic": 131,
  "n_correctly_alerted": 95,
  "n_missed": 36,
  "n_false_alerts": 0,
  "mean_lead_time_months": 36.0,
  "median_lead_time_months": 36.0,
  "c_index": 0.6870627623425944,
  "km_curves": {
    "High (MPS \u2265 0.72)": {
      "times": [
        0.0,
        0.0,
        0.1,
        0.5,
        0.6,
        1.1,
        1.2,
        1.8,
        2.1,
        2.3,
        2.6,
        2.9,
        3.3,
        4.5,
        5.1,
        6.2,
        6.4,
        6.6,
        7.7,
        8.1,
        8.4,
        9.1,
        9.5,
        10.3,
        11.2,
        11.7,
        12.8,
        12.9,
        14.1,
        14.2,
        14.6,
        14.7,
        14.8,
        15.1,
        15.7,
        16.9,
        18.5,
        18.6,
        19.3,
        21.7,
        24.5,
        29.7,
        32.0,
        37.9,
        39.2,
        39.8,
        40.8,
        66.6,
        68.0
      ],
      "survival": [
        1.0,
        0.9894736842105263,
        0.9789473684210527,
        0.9578947368421054,
        0.9473684210526317,
        0.9368421052631581,
        0.9263157894736844,
        0.9157894736842107,
        0.905263157894737,
        0.8947368421052633,
        0.8842105263157897,
        0.8736842105263161,
        0.8631578947368423,
        0.8525016244314492,
        0.8418453541260561,
        0.831189083820663,
        0.82053281351527,
        0.7989398447385524,
        0.7881433603501936,
        0.7771969247897743,
        0.766250489229355,
        0.7553040536689357,
        0.7443576181085164,
        0.7334111825480971,
        0.7224647469876777,
        0.7115183114272584,
        0.7004008378112075,
        0.6892833641951567,
        0.6781658905791058,
        0.6670484169630548,
        0.6557425115907997,
        0.6444366062185445,
        0.6331307008462893,
        0.6218247954740341,
        0.610518890101779,
        0.5992129847295238,
        0.5879070793572686,
        0.5766011739850134,
        0.5652952686127583,
        0.5537586304778039,
        0.5422219923428496,
        0.5191487160729411,
        0.5076120779379868,
        0.49607543980303254,
        0.4845388016680783,
        0.473002163533124,
        0.46146552539816976,
        0.4499288872632155,
        0.43839224912826125
      ]
    },
    "Intermediate (0.45\u20130.72)": {
      "times": [
        0.0,
        0.0,
        0.4,
        0.9,
        3.5,
        5.2,
        5.4,
        6.2,
        7.0,
        7.7,
        11.1,
        13.1,
        13.5,
        14.2,
        15.1,
        15.9,
        17.1,
        21.3,
        21.4,
        23.4,
        25.7,
        28.5,
        39.8,
        48.9,
        52.0,
        66.7,
        66.8,
        88.2,
        103.2
      ],
      "survival": [
        1.0,
        0.974025974025974,
        0.961038961038961,
        0.9350649350649352,
        0.9220779220779222,
        0.9090909090909092,
        0.8961038961038962,
        0.8831168831168832,
        0.8701298701298702,
        0.8571428571428572,
        0.8441558441558442,
        0.8309659090909092,
        0.8177759740259741,
        0.8045860389610391,
        0.791396103896104,
        0.7782061688311689,
        0.7650162337662338,
        0.7518262987012988,
        0.7384008290816327,
        0.7249753594619667,
        0.7115498898423006,
        0.6981244202226345,
        0.6846989506029685,
        0.6712734809833024,
        0.6578480113636364,
        0.6444225417439703,
        0.6309970721243042,
        0.6175716025046382,
        0.6041461328849721
      ]
    },
    "Low (MPS < 0.45)": {
      "times": [
        0.0,
        0.4,
        2.0,
        2.1,
        4.0,
        4.1,
        4.9,
        6.4,
        6.9,
        7.5,
        7.8,
        8.2,
        8.6,
        9.0,
        9.1,
        10.0,
        10.4,
        11.6,
        13.6,
        14.2,
        15.3,
        15.7,
        15.8,
        16.8,
        17.0,
        17.1,
        17.3,
        17.4,
        18.1,
        18.5,
        19.2,
        21.1,
        21.2,
        23.4,
        23.9,
        24.5,
        25.2,
        26.9,
        27.1,
        27.6,
        28.3,
        30.0,
        32.7,
        34.0,
        34.9,
        37.4,
        37.9,
        39.1,
        39.5,
        46.5,
        48.1,
        49.2,
        49.3,
        51.0,
        52.5,
        53.2,
        54.4,
        55.7,
        56.8,
        65.7,
        74.7,
        76.3,
        76.8,
        81.5,
        82.8,
        91.0,
        94.1,
        94.4,
        97.2,
        110.5,
        115.7,
        117.5,
        139.5,
        152.4,
        161.9,
        206.5
      ],
      "survival": [
        1.0,
        0.9964028776978417,
        0.9928057553956834,
        0.98919555264879,
        0.9855853499018965,
        0.9819751471550031,
        0.9783649444081097,
        0.9747413705399316,
        0.9711177966717534,
        0.9674806513658666,
        0.9638435060599798,
        0.960206360754093,
        0.9565692154482064,
        0.9529041992970638,
        0.9492391831459213,
        0.9455741669947787,
        0.9419091508436361,
        0.9382441346924936,
        0.934579118541351,
        0.9309141023902084,
        0.9272490862390659,
        0.9235840700879233,
        0.9199190539367808,
        0.9162540377856382,
        0.9125743026941295,
        0.908894567602621,
        0.9052148325111123,
        0.9015350974196038,
        0.8978553623280952,
        0.8941756272365866,
        0.8867857460197553,
        0.8830597554902606,
        0.8793179768653019,
        0.8718344196153844,
        0.8680926409904257,
        0.864350862365467,
        0.8605928151377911,
        0.8568347679101151,
        0.8530767206824392,
        0.8493186734547633,
        0.8455439237949643,
        0.8417351673814736,
        0.8379264109679828,
        0.834117654554492,
        0.8303088981410013,
        0.8265001417275105,
        0.8226913853140198,
        0.8188826289005289,
        0.8150738724870381,
        0.8112651160735473,
        0.8074563596600566,
        0.8036476032465657,
        0.7998388468330748,
        0.7960300904195841,
        0.7922213340060932,
        0.7884125775926024,
        0.7845853320703082,
        0.7807393255405518,
        0.7768933190107954,
        0.7730281781201944,
        0.7691630372295934,
        0.7652978963389925,
        0.7613933152352221,
        0.7574887341314518,
        0.7535841530276814,
        0.7496795719239111,
        0.7457749908201408,
        0.7418704097163704,
        0.7379658286126001,
        0.7340612475088296,
        0.7301566664050593,
        0.7262520853012889,
        0.7223475041975186,
        0.7184429230937482,
        0.7145383419899779,
        0.7106337608862076
      ]
    }
  }
}